ID,FIRST_NAME,LAST_NAME,EMAIL,GENDER,PHONE_NUMBER,BIRTHDAY
1,Isiahi,Hush,ihush0@reuters.com,Male,234-524-9490,1993-12-25
2,Chris,Tutsell,ctutsell1@rambler.ru,Male,419-172-0090,2000-05-17
3,Ambrosi,Dobbson,adobbson2@miitbeian.gov.cn,Bigender,663-877-0844,1994-03-28
4,Ingaberg,Plaid,iplaid3@oakley.com,Female,336-335-8537,1998-01-03
5,Cosme,Glisane,cglisane4@google.cn,Male,701-374-1205,2001-05-17
6,Joellen,Heindle,jheindle5@fc2.com,Female,317-416-7270,2000-10-23
7,Bret,Carrane,bcarrane6@nydailynews.com,Male,692-790-7211,2001-09-30
8,Armando,Tinker,atinker7@livejournal.com,Male,483-288-9641,2004-04-12
9,Harvey,Firebrace,hfirebrace8@ning.com,Male,502-930-3602,2001-02-04
10,Dido,Gleave,dgleave9@vinaora.com,Female,574-530-3365,1991-11-27
11,Kalli,Lough,klougha@gravatar.com,Female,851-238-4483,1995-10-19
12,Annecorinne,Bourgeois,abourgeoisb@yellowbook.com,Female,264-748-0952,1996-10-15
13,Joel,Guerrin,jguerrinc@ifeng.com,Male,250-149-8935,1996-12-15
14,Salvatore,Costelloe,scostelloed@hugedomains.com,Male,442-393-9394,1996-01-25
15,Cher,Fitt,cfitte@adobe.com,Female,708-108-5319,1990-10-26
16,Ashton,Ballston,aballstonf@wisc.edu,Male,986-440-8876,1990-09-08
17,Augustine,Usmar,ausmarg@house.gov,Male,373-702-9908,2003-05-13
18,Raoul,Borzoni,rborzonih@mashable.com,Male,934-237-3358,1992-08-02
19,Desiri,Kepp,dkeppi@ezinearticles.com,Female,360-954-5188,2000-06-28
20,Sandie,Adriaan,sadriaanj@a8.net,Female,410-631-7323,1991-10-27
21,Geri,McKendo,gmckendok@comcast.net,Genderfluid,674-572-9958,1995-05-14
22,Bryce,Dalli,bdallil@xing.com,Male,163-242-4517,1996-11-19
23,Felicio,Overal,foveralm@alexa.com,Male,942-672-1342,2003-11-15
24,Leonelle,Crone,lcronen@over-blog.com,Female,771-322-3867,2002-01-28
25,Prisca,Sherbrooke,psherbrookeo@goodreads.com,Female,310-249-5564,2002-07-17
26,Meredith,English,menglishp@harvard.edu,Female,408-969-3869,1991-11-23
27,Novelia,Bydaway,nbydawayq@sphinn.com,Female,335-208-8281,2003-05-01
28,Alexina,Ansill,aansillr@biglobe.ne.jp,Female,730-246-8463,1998-02-28
29,Dom,Djekovic,ddjekovics@quantcast.com,Male,441-607-1148,1995-06-21
30,Nannie,Oake,noaket@wikia.com,Female,647-958-5500,2002-08-24
31,Kikelia,Robillart,krobillartu@dedecms.com,Female,713-674-3227,1999-10-03
32,Jennica,Fiennes,jfiennesv@goo.ne.jp,Female,332-155-1410,1998-05-12
33,Meghann,Janc,mjancw@sitemeter.com,Female,985-430-2951,2004-01-22
34,Kerwin,Cornforth,kcornforthx@dailymotion.com,Male,587-833-9387,1993-05-16
35,Prescott,Summerrell,psummerrelly@mtv.com,Male,231-211-5248,2000-03-30
36,Reba,Veal,rvealz@harvard.edu,Female,408-997-6705,2003-12-28
37,Rachel,Whyard,rwhyard10@vk.com,Female,484-342-7660,2000-03-06
38,Winslow,Falk,wfalk11@examiner.com,Male,409-374-8817,1990-08-25
39,Germayne,Lindholm,glindholm12@webmd.com,Male,402-334-8022,1996-01-14
40,Timofei,Devericks,tdevericks13@dagondesign.com,Male,384-450-2488,1999-06-13
41,Ewen,Stowgill,estowgill14@arstechnica.com,Male,168-356-7930,1991-03-29
42,Liana,Jarrelt,ljarrelt15@facebook.com,Female,597-142-9425,1994-07-21
43,Robbie,Scotting,rscotting16@163.com,Male,666-235-2374,1997-11-24
44,Sallee,Barlace,sbarlace17@berkeley.edu,Female,914-396-6943,1994-09-21
45,Karoly,Coupar,kcoupar18@sourceforge.net,Female,773-482-8992,1996-10-21
46,Euell,Mizzen,emizzen19@slideshare.net,Male,261-879-8589,1993-02-16
47,Callie,Stenett,cstenett1a@icq.com,Female,154-298-0859,1996-05-23
48,Hollie,Derdes,hderdes1b@devhub.com,Female,769-937-6327,1994-04-11
49,Catharine,Bris,cbris1c@gov.uk,Female,907-339-7195,1992-05-28
50,Otis,Dohr,odohr1d@blogger.com,Male,638-168-4208,1994-11-10
51,Horatia,Shute,hshute1e@drupal.org,Female,707-139-7010,1997-04-14
52,Noami,Leyburn,nleyburn1f@pbs.org,Female,539-305-0559,1990-12-18
53,Rouvin,Whitmarsh,rwhitmarsh1g@cyberchimps.com,Male,163-312-6869,1993-06-07
54,Kira,Sowthcote,ksowthcote1h@prnewswire.com,Female,212-149-4392,1992-06-02
55,Janenna,Iacovino,jiacovino1i@wunderground.com,Female,284-362-4337,1994-01-08
56,Nikolaus,Farres,nfarres1j@liveinternet.ru,Male,240-473-3508,2003-11-02
57,Cristen,Hallihane,challihane1k@cafepress.com,Female,195-894-9208,1995-09-08
58,Yanaton,Woolf,ywoolf1l@blogspot.com,Male,330-270-1153,2002-04-14
59,Gabbey,Gheerhaert,ggheerhaert1m@goodreads.com,Female,850-139-3268,1996-12-10
60,Monty,Turvey,mturvey1n@berkeley.edu,Male,674-404-5731,1995-01-02
61,Beniamino,Shaxby,bshaxby1o@ebay.com,Male,479-722-2728,2004-04-10
62,Marja,Reckus,mreckus1p@constantcontact.com,Female,475-889-4186,2002-04-01
63,Gregory,Wanell,gwanell1q@reference.com,Bigender,787-472-3726,1992-04-21
64,Janek,Robke,jrobke1r@last.fm,Male,372-562-5862,2001-12-08
65,Andrey,Backhouse,abackhouse1s@ehow.com,Male,271-522-4449,1999-09-10
66,Colman,Gristwood,cgristwood1t@abc.net.au,Male,851-242-1688,1999-03-18
67,Ezechiel,Moyes,emoyes1u@amazonaws.com,Male,381-249-8747,1998-05-20
68,Lanae,Scamadin,lscamadin1v@about.me,Female,129-444-9239,1992-04-30
69,Fern,McNess,fmcness1w@edublogs.org,Female,540-686-9696,1994-08-24
70,Hanan,Girogetti,hgirogetti1x@hp.com,Male,414-250-2180,1991-10-09
71,Colline,Cleft,ccleft1y@theguardian.com,Female,154-368-1891,1992-02-05
72,Ameline,Skellon,askellon1z@amazon.co.uk,Polygender,560-517-4214,1995-10-05
73,Noell,Ruller,nruller20@jalbum.net,Female,204-803-2917,2003-10-22
74,Lefty,Showl,lshowl21@mozilla.org,Male,691-708-2577,1992-04-08
75,Isaak,Plumley,iplumley22@china.com.cn,Male,845-515-2322,1998-05-10
76,Trista,Groomebridge,tgroomebridge23@ovh.net,Female,267-274-1259,1997-01-23
77,Thain,Odo,todo24@ucsd.edu,Male,888-318-2073,2003-01-19
78,Flss,Maccrea,fmaccrea25@comsenz.com,Female,197-450-7122,1998-11-03
79,Olympie,Wixon,owixon26@harvard.edu,Female,500-886-4702,1991-09-10
80,Sheppard,Cuttell,scuttell27@virginia.edu,Male,645-982-7727,1998-12-05
81,Marcel,Habershon,mhabershon28@netvibes.com,Male,801-492-5471,1997-02-22
82,Braden,Lackinton,blackinton29@pagesperso-orange.fr,Male,165-224-0137,1995-07-29
83,Nichole,Kernermann,nkernermann2a@skyrock.com,Male,515-290-7148,2003-05-11
84,Latisha,MacIntyre,lmacintyre2b@toplist.cz,Female,171-599-0436,1991-08-02
85,Darsey,Starcks,dstarcks2c@indiatimes.com,Female,294-839-7929,2001-05-25
86,Sigmund,Dowgill,sdowgill2d@godaddy.com,Male,188-521-3327,2004-02-10
87,Myrna,Loadman,mloadman2e@google.it,Female,671-686-4858,2003-10-01
88,Ermentrude,Thorne,ethorne2f@pinterest.com,Female,845-568-3339,1998-11-07
89,Prent,Yushkin,pyushkin2g@geocities.com,Male,890-685-2969,1990-10-19
90,Nancy,Rea,nrea2h@example.com,Female,968-259-1306,2002-12-02
91,Midge,Perfect,mperfect2i@ihg.com,Female,197-537-2804,1991-07-17
92,Julio,Maro,jmaro2j@smh.com.au,Male,551-434-6537,1996-08-30
93,Vito,Cleyburn,vcleyburn2k@abc.net.au,Male,836-422-1437,1990-11-07
94,Oliviero,Carrivick,ocarrivick2l@noaa.gov,Male,463-645-6819,1995-11-09
95,Fannie,Cund,fcund2m@nymag.com,Female,660-246-4724,2002-11-21
96,Riannon,Hawkett,rhawkett2n@webs.com,Female,730-457-9615,2003-04-02
97,Ambrose,Probbin,aprobbin2o@ovh.net,Male,317-232-1555,1997-11-25
98,Elane,MacWilliam,emacwilliam2p@prweb.com,Bigender,660-906-8885,1997-06-22
99,Erroll,Kydd,ekydd2q@gnu.org,Male,412-995-8928,1996-09-04
100,Liam,Holby,lholby2r@bloglines.com,Male,638-455-6284,2003-09-19
101,Constantine,Lygoe,clygoe2s@washington.edu,Male,547-719-4292,1992-10-29
102,Waylin,Nardoni,wnardoni2t@unesco.org,Male,648-606-4927,2002-05-22
103,Wenda,Grennan,wgrennan2u@canalblog.com,Female,369-419-7939,1993-03-02
104,Portia,Bjerkan,pbjerkan2v@dyndns.org,Female,587-913-9429,1993-09-15
105,Amery,Domnin,adomnin2w@salon.com,Male,794-149-7426,1994-07-10
106,Brenn,Blackesland,bblackesland2x@discuz.net,Female,436-617-3213,2004-02-10
107,Elton,Slafford,eslafford2y@tuttocitta.it,Male,771-177-6591,2001-12-10
108,Theresa,Dumphries,tdumphries2z@utexas.edu,Female,101-138-9540,2001-04-15
109,Rubin,Neachell,rneachell30@ed.gov,Male,485-147-8078,1996-02-28
110,Lorettalorna,Shewan,lshewan31@lycos.com,Bigender,217-521-5230,2002-04-16
111,Chevy,Santoro,csantoro32@purevolume.com,Male,541-963-5674,1993-07-16
112,Tobe,Fowlestone,tfowlestone33@google.ca,Female,448-965-4501,1996-12-28
113,Maxwell,Arckoll,marckoll34@ihg.com,Male,118-555-0037,1993-03-17
114,Homer,Mixer,hmixer35@msn.com,Male,954-133-2209,1994-05-11
115,Salomi,Spoward,sspoward36@wired.com,Female,928-314-9242,1991-11-22
116,Peyter,Brydson,pbrydson37@xrea.com,Male,128-316-9074,2000-09-04
117,Jeana,Keuning,jkeuning38@harvard.edu,Female,140-134-0120,1998-10-14
118,Tymothy,McKew,tmckew39@topsy.com,Male,512-826-0233,1998-11-23
119,Bertrando,Clissett,bclissett3a@netvibes.com,Male,432-361-6823,2000-08-25
120,Orbadiah,Ryman,oryman3b@cbsnews.com,Male,934-449-0031,1994-09-02
121,Sergeant,Fearnill,sfearnill3c@si.edu,Male,966-100-9925,2002-02-17
122,Smith,Auty,sauty3d@mapy.cz,Male,573-296-0233,1992-11-28
123,Marty,Ferentz,mferentz3e@wsj.com,Male,472-872-6591,1994-10-21
124,Duffie,Lismer,dlismer3f@mayoclinic.com,Male,935-724-1413,2000-02-25
125,Brewer,Munslow,bmunslow3g@noaa.gov,Male,257-833-4155,1992-07-03
126,Mercedes,Oakinfold,moakinfold3h@gizmodo.com,Female,283-914-1564,1993-02-25
127,Eolande,Swanton,eswanton3i@illinois.edu,Female,341-395-0153,1996-03-17
128,Caro,Ferre,cferre3j@phoca.cz,Female,937-162-3010,1992-07-01
129,Alfonso,Howes,ahowes3k@sina.com.cn,Male,213-262-8313,2001-11-22
130,Madalyn,Boddy,mboddy3l@wikipedia.org,Female,138-214-3042,1998-07-24
131,Estevan,Haselhurst,ehaselhurst3m@google.fr,Male,338-399-5074,1990-08-31
132,Amalee,Tough,atough3n@plala.or.jp,Female,208-479-1024,1998-07-10
133,Shelli,Boothroyd,sboothroyd3o@google.com.au,Female,116-422-3034,1999-08-04
134,Noel,Brand,nbrand3p@vk.com,Male,751-384-5030,2003-01-06
135,Olvan,Brabben,obrabben3q@simplemachines.org,Male,617-928-4981,1991-01-03
136,Knox,Salerno,ksalerno3r@tumblr.com,Male,587-170-0526,1991-06-03
137,Micki,Winsome,mwinsome3s@odnoklassniki.ru,Female,770-495-1981,1996-11-25
138,Rob,Peatman,rpeatman3t@jimdo.com,Male,556-897-8244,1999-03-20
139,Dru,Rayworth,drayworth3u@imageshack.us,Male,722-643-6400,2003-11-27
140,Meris,Scud,mscud3v@vistaprint.com,Female,234-142-4967,1992-04-11
141,Tildy,Stainton,tstainton3w@craigslist.org,Female,612-205-0759,1998-05-16
142,Jourdan,Petras,jpetras3x@skyrock.com,Female,266-635-8735,1991-02-28
143,Dena,Sawney,dsawney3y@nbcnews.com,Female,133-829-4386,2002-02-19
144,Ardelis,Ough,aough3z@tumblr.com,Female,862-909-1702,1991-01-29
145,Cris,Duplain,cduplain40@meetup.com,Male,111-837-9516,2003-02-08
146,Giuditta,Peschmann,gpeschmann41@aboutads.info,Female,810-886-3556,2000-02-12
147,Berry,Crumpton,bcrumpton42@yelp.com,Female,945-115-4435,1993-05-28
148,Paul,Liddington,pliddington43@cbslocal.com,Male,293-148-6992,1998-02-21
149,Jaye,Le Grove,jlegrove44@goo.ne.jp,Agender,836-895-6232,1991-10-30
150,Julie,Shufflebotham,jshufflebotham45@naver.com,Female,896-589-0532,1991-10-13
151,Loutitia,Spoole,lspoole46@hud.gov,Female,426-690-6393,2004-01-26
152,Alasdair,Pavelin,apavelin47@house.gov,Male,255-889-2446,1999-06-25
153,Van,Pinor,vpinor48@ask.com,Agender,541-181-4269,1998-03-21
154,Olympia,Syratt,osyratt49@mtv.com,Bigender,342-981-5462,1992-02-22
155,Gardner,Brownfield,gbrownfield4a@jimdo.com,Male,715-170-2327,1997-09-04
156,Miller,Yuryatin,myuryatin4b@reverbnation.com,Male,622-282-3336,1995-11-10
157,Rutherford,Bruntjen,rbruntjen4c@51.la,Male,441-802-4508,1997-10-01
158,Chaddie,Olney,colney4d@ifeng.com,Male,970-921-2438,1992-10-08
159,Elsey,Meineck,emeineck4e@wiley.com,Female,821-849-5287,1997-09-27
160,Melantha,Grayne,mgrayne4f@who.int,Female,254-969-4060,1996-06-28
161,Benoite,Clandillon,bclandillon4g@elegantthemes.com,Genderfluid,152-625-0360,1997-09-20
162,Teddy,Burkill,tburkill4h@diigo.com,Male,456-580-7633,1994-06-10
163,Madeline,MacColl,mmaccoll4i@fastcompany.com,Agender,866-944-6325,2004-04-17
164,Lynda,Hatt,lhatt4j@artisteer.com,Female,802-748-8118,1993-11-29
165,Rossie,Josham,rjosham4k@seattletimes.com,Male,670-148-1284,1993-06-08
166,Barbie,Kydd,bkydd4l@cbc.ca,Female,718-476-1398,2002-11-16
167,Gordy,Bruinsma,gbruinsma4m@barnesandnoble.com,Agender,320-685-1908,2004-03-31
168,Dave,Dodson,ddodson4n@opensource.org,Genderqueer,679-968-0529,2000-02-04
169,Wittie,Allflatt,wallflatt4o@goo.ne.jp,Male,662-932-1242,1991-01-21
170,Iver,Tattoo,itattoo4p@wunderground.com,Male,766-317-9154,2004-04-03
171,Gloriane,Marushak,gmarushak4q@usa.gov,Female,981-601-5606,1999-08-31
172,Lazare,Toland,ltoland4r@yale.edu,Male,940-150-5855,1994-12-15
173,Pace,Unitt,punitt4s@eepurl.com,Genderfluid,819-279-1767,1993-08-21
174,Mohandis,Critchell,mcritchell4t@qq.com,Polygender,662-379-2698,1997-11-27
175,Davy,Wilstead,dwilstead4u@prweb.com,Male,664-715-3275,2003-10-18
176,Noelle,Iowarch,niowarch4v@typepad.com,Female,793-655-6845,1998-07-13
177,Lorenzo,Alenikov,lalenikov4w@ibm.com,Male,574-329-3702,1991-11-23
178,Karlen,Ife,kife4x@jalbum.net,Female,287-972-3192,1992-10-10
179,Beau,Sibbons,bsibbons4y@house.gov,Male,562-476-8228,2000-07-20
180,Philippine,Dorn,pdorn4z@mail.ru,Female,812-537-6528,1992-01-11
181,Julio,MacKeague,jmackeague50@un.org,Male,321-306-7069,1995-04-18
182,Rutter,Yerrington,ryerrington51@sbwire.com,Male,501-562-0105,2002-01-12
183,Ced,Alexandrou,calexandrou52@bloomberg.com,Male,418-710-6467,1996-06-08
184,Fiann,Bracey,fbracey53@mac.com,Female,726-922-4063,2000-10-20
185,Zebadiah,Ortmann,zortmann54@t-online.de,Male,781-515-0938,1997-05-09
186,Karoly,Po,kpo55@amazon.de,Male,702-506-4964,2002-07-29
187,Miof mela,Beharrell,mbeharrell56@cisco.com,Female,296-179-2962,2000-10-19
188,Korella,Slateford,kslateford57@apache.org,Female,234-267-4030,1997-05-10
189,Lacie,Buncombe,lbuncombe58@mtv.com,Polygender,110-444-2219,2001-03-10
190,Elbertine,Huie,ehuie59@soundcloud.com,Female,696-391-5049,1999-05-11
191,Osmond,Geffcock,ogeffcock5a@telegraph.co.uk,Male,354-620-9801,2000-12-28
192,Marni,Bachs,mbachs5b@ucla.edu,Female,764-930-4865,1996-01-30
193,Hayyim,LeEstut,hleestut5c@surveymonkey.com,Male,289-219-2056,1996-12-11
194,Ariel,Risborough,arisborough5d@miibeian.gov.cn,Agender,956-989-3302,1995-12-28
195,Wallace,Dellow,wdellow5e@yale.edu,Male,179-278-9242,2001-07-20
196,Yale,McGillreich,ymcgillreich5f@topsy.com,Male,293-414-3363,1995-02-16
197,Lorita,Graeser,lgraeser5g@miibeian.gov.cn,Female,309-598-2260,2001-03-01
198,Jacqueline,Poolton,jpoolton5h@washingtonpost.com,Female,498-289-3902,2002-11-17
199,Cirilo,Killford,ckillford5i@weather.com,Male,999-519-6107,1996-07-01
200,Johannes,Prall,jprall5j@desdev.cn,Male,305-904-7527,1991-09-05
201,Quent,Wynes,qwynes5k@businessinsider.com,Male,419-137-1211,2002-12-26
202,Rozamond,Learoyde,rlearoyde5l@wikimedia.org,Female,427-866-5496,2004-02-24
203,Walther,Ellicock,wellicock5m@mac.com,Male,662-469-7767,1995-11-03
204,Jaimie,Brudenell,jbrudenell5n@i2i.jp,Male,646-714-6811,2000-12-22
205,Juliet,Glenn,jglenn5o@livejournal.com,Female,573-553-5404,1999-10-23
206,Dougy,Patchett,dpatchett5p@ted.com,Male,488-902-8124,1994-06-17
207,Joletta,Caillou,jcaillou5q@dmoz.org,Female,337-265-6858,1998-01-01
208,Leonore,Croce,lcroce5r@discuz.net,Non-binary,738-800-8911,1995-12-14
209,Dorian,Garbutt,dgarbutt5s@indiegogo.com,Female,394-777-7012,2003-11-13
210,Jamison,Pursehouse,jpursehouse5t@issuu.com,Male,962-344-9099,1994-07-22
211,Abbie,Cloughton,acloughton5u@amazon.com,Female,865-739-7658,1996-11-05
212,Burr,Leng,bleng5v@bigcartel.com,Bigender,319-148-7364,2001-10-01
213,Nowell,Timlin,ntimlin5w@patch.com,Male,393-698-9138,1997-02-03
214,Ivett,Ivanitsa,iivanitsa5x@goo.gl,Female,555-396-1485,1991-09-13
215,Mechelle,Glancey,mglancey5y@pbs.org,Female,763-195-8379,2000-05-16
216,Mariel,McCobb,mmccobb5z@taobao.com,Female,461-803-3317,1992-04-16
217,Ashli,Grove,agrove60@163.com,Female,903-767-5059,1998-11-13
218,Isador,Risebrow,irisebrow61@baidu.com,Male,984-364-7695,2002-03-11
219,Bobbie,Willock,bwillock62@cloudflare.com,Female,158-506-2195,2000-05-10
220,Barbabra,Deinert,bdeinert63@geocities.jp,Female,145-531-0446,1994-10-05
221,Millie,Waszczyk,mwaszczyk64@a8.net,Female,505-514-2967,1992-05-21
222,Free,Kleisle,fkleisle65@aol.com,Male,415-127-6004,1993-07-25
223,Shea,Durant,sdurant66@google.com,Female,163-465-0612,1998-03-31
224,Anatola,Venn,avenn67@ucla.edu,Female,443-704-0041,1991-07-18
225,Eli,Paskin,epaskin68@imgur.com,Male,357-771-3571,2000-08-22
226,Evangelina,Pilley,epilley69@soup.io,Female,486-197-3816,1999-02-22
227,Winni,Kleinmann,wkleinmann6a@nsw.gov.au,Genderqueer,714-178-7910,1998-02-18
228,Urbain,Terren,uterren6b@ihg.com,Male,632-536-3961,1995-11-08
229,Logan,Lant,llant6c@elpais.com,Male,535-864-1265,1998-02-19
230,Evan,Kenewell,ekenewell6d@npr.org,Male,413-910-2850,1997-03-10
231,Rhys,Woltman,rwoltman6e@yellowpages.com,Male,206-620-8794,1991-07-23
232,Hilda,Blackader,hblackader6f@google.fr,Female,985-632-4899,2003-01-04
233,Coop,Sykora,csykora6g@w3.org,Male,107-279-7654,2002-11-30
234,Chic,Juliano,cjuliano6h@wikipedia.org,Male,249-506-8450,1995-01-29
235,Esta,Juza,ejuza6i@moonfruit.com,Female,126-183-1322,2000-11-27
236,Blinny,Sobczak,bsobczak6j@va.gov,Female,328-234-9141,1993-02-04
237,Marshal,Seage,mseage6k@shutterfly.com,Male,298-951-4610,1996-04-14
238,Janith,Gardner,jgardner6l@google.ca,Female,817-879-8736,1998-02-23
239,Garry,Soanes,gsoanes6m@aboutads.info,Male,998-586-8858,1990-10-01
240,Hortensia,Linster,hlinster6n@dedecms.com,Female,441-692-2858,1992-08-20
241,Therine,Turone,tturone6o@vistaprint.com,Genderqueer,452-820-0308,1994-04-12
242,Benoit,Douris,bdouris6p@sphinn.com,Male,790-874-3126,1994-06-30
243,Cordelia,Munnery,cmunnery6q@etsy.com,Female,855-387-3596,1991-07-12
244,Reeta,Groundwator,rgroundwator6r@archive.org,Female,488-507-8923,1999-10-13
245,Fredi,Harlett,fharlett6s@nationalgeographic.com,Female,886-707-2040,1994-09-09
246,Morris,Bratt,mbratt6t@washingtonpost.com,Genderqueer,361-721-1730,2002-08-01
247,Gillian,Beart,gbeart6u@newsvine.com,Non-binary,466-130-6810,2002-09-19
248,Kore,Beldam,kbeldam6v@jugem.jp,Female,542-759-9233,1992-11-11
249,Rupert,Parres,rparres6w@census.gov,Male,846-970-6639,2002-12-20
250,Walther,Wadmore,wwadmore6x@ifeng.com,Male,947-988-7474,1998-10-31
251,Junie,Weatherby,jweatherby6y@washingtonpost.com,Female,729-314-9355,2002-02-26
252,Adan,Delieu,adelieu6z@cloudflare.com,Female,380-187-1920,2001-12-03
253,Giffard,Manthorpe,gmanthorpe70@qq.com,Male,747-780-2505,1995-12-20
254,Katinka,Swinnerton,kswinnerton71@sbwire.com,Female,182-956-4587,1997-08-20
255,Morgun,Powrie,mpowrie72@cbsnews.com,Male,817-364-8286,1992-04-17
256,Brook,Juanico,bjuanico73@imdb.com,Female,398-342-4003,1995-12-12
257,Donia,Burel,dburel74@tumblr.com,Female,239-739-9785,1994-11-12
258,Sarge,Hanselmann,shanselmann75@cbsnews.com,Male,852-324-3927,1995-10-28
259,Pepi,Siccombe,psiccombe76@fda.gov,Female,683-140-3591,1998-11-29
260,Nessy,Osment,nosment77@symantec.com,Female,700-569-1744,1999-06-28
261,Tana,Fenner,tfenner78@zimbio.com,Genderfluid,360-109-3291,1992-11-20
262,Addison,McGraffin,amcgraffin79@linkedin.com,Male,672-789-9919,2002-04-28
263,Timothy,O'Sheilds,tosheilds7a@pbs.org,Male,817-733-7616,1996-09-16
264,Marv,Pionter,mpionter7b@slate.com,Male,340-354-3192,2003-05-20
265,Wolfy,Levet,wlevet7c@toplist.cz,Male,143-759-8850,1999-02-04
266,Merla,Gabbot,mgabbot7d@netscape.com,Female,485-516-8931,2004-04-17
267,Prissie,Jurewicz,pjurewicz7e@discovery.com,Female,457-763-4729,1993-11-20
268,Justin,Morad,jmorad7f@toplist.cz,Male,433-264-3825,1993-12-21
269,Claudetta,Duthy,cduthy7g@discuz.net,Female,605-884-8471,1994-06-03
270,Arnoldo,Normadell,anormadell7h@bravesites.com,Genderqueer,247-703-6771,1996-05-15
271,Arnie,Racher,aracher7i@sogou.com,Male,639-393-8053,1990-07-01
272,Kristian,Viant,kviant7j@ucoz.com,Male,649-676-9489,1991-01-18
273,Lois,Liddel,lliddel7k@gizmodo.com,Female,303-300-3296,1998-04-19
274,Melonie,Avrashin,mavrashin7l@google.com.hk,Female,584-722-7115,2001-12-04
275,Nathanial,Gilbeart,ngilbeart7m@furl.net,Male,268-868-0519,1998-08-26
276,Silas,Hagart,shagart7n@ameblo.jp,Male,847-713-4604,2004-05-09
277,Curry,Leitche,cleitche7o@toplist.cz,Male,408-279-9104,1993-12-06
278,Aurie,Sipson,asipson7p@army.mil,Female,686-147-9161,1991-01-08
279,Casper,Bosward,cbosward7q@parallels.com,Male,573-681-4244,2003-03-29
280,Germaine,Cheeld,gcheeld7r@drupal.org,Male,196-811-1624,1994-07-28
281,Taddeusz,Melladew,tmelladew7s@blogger.com,Male,133-212-3452,2003-09-20
282,Gert,Blanking,gblanking7t@about.com,Female,190-931-3455,2000-05-24
283,Cirillo,Bernardinelli,cbernardinelli7u@reference.com,Male,568-889-9888,2002-07-28
284,Murray,Reneke,mreneke7v@ocn.ne.jp,Male,204-214-1986,1996-03-13
285,Jeannie,Hugk,jhugk7w@cdbaby.com,Female,526-275-8766,1992-09-30
286,Molly,Skoughman,mskoughman7x@miitbeian.gov.cn,Female,752-209-3889,2000-06-30
287,Budd,Ramsted,bramsted7y@nytimes.com,Male,830-733-0804,2001-07-10
288,Kai,Critzen,kcritzen7z@nature.com,Genderqueer,573-222-1456,1998-11-04
289,Hersch,Lineker,hlineker80@w3.org,Male,615-336-9015,1993-05-21
290,Joyce,Gillings,jgillings81@goo.gl,Female,467-546-5159,1997-02-08
291,Alfi,Bareford,abareford82@bing.com,Female,362-760-8422,1995-04-27
292,Patten,Colegate,pcolegate83@acquirethisname.com,Male,789-288-0074,1997-11-23
293,Doug,Klulik,dklulik84@cornell.edu,Male,539-139-9208,1993-07-11
294,Fredelia,Yeld,fyeld85@de.vu,Female,189-564-7345,1995-02-21
295,Thia,O'Loghlen,tologhlen86@guardian.co.uk,Female,209-779-9199,1990-07-23
296,Reiko,Tamburo,rtamburo87@go.com,Bigender,301-805-2989,1992-01-03
297,Catherina,Loveland,cloveland88@indiatimes.com,Female,140-904-0876,1996-02-09
298,Eba,Karle,ekarle89@cpanel.net,Female,689-495-7753,1999-01-07
299,Lucio,Evett,levett8a@webeden.co.uk,Male,344-853-4675,2000-09-28
300,Duane,Barttrum,dbarttrum8b@howstuffworks.com,Male,295-378-9486,1993-12-07
301,Emanuel,Eldon,eeldon8c@dyndns.org,Male,220-366-1545,2003-01-17
302,Tye,Paliser,tpaliser8d@about.me,Male,424-506-3327,1994-11-21
303,Nollie,Leishman,nleishman8e@networksolutions.com,Male,734-345-4064,1996-03-22
304,Caty,Hannen,channen8f@de.vu,Female,717-303-1783,1992-12-14
305,Jade,Amthor,jamthor8g@cpanel.net,Female,339-549-7834,1991-09-06
306,Filmer,Zavattero,fzavattero8h@tamu.edu,Male,301-609-4233,1997-01-11
307,Georg,Di Giacomo,gdigiacomo8i@nature.com,Male,505-709-7749,1998-09-14
308,Thurston,Iacovino,tiacovino8j@is.gd,Male,346-400-7395,1992-10-25
309,Clementius,Moores,cmoores8k@elegantthemes.com,Male,756-740-3435,1996-02-25
310,Rozanna,Simounet,rsimounet8l@ftc.gov,Non-binary,135-461-4805,1998-12-05
311,Katherine,Birden,kbirden8m@soup.io,Female,325-835-3908,1994-06-14
312,Klaus,Jezzard,kjezzard8n@instagram.com,Male,450-941-8747,1996-07-17
313,Phebe,Simmell,psimmell8o@narod.ru,Female,143-588-4030,1991-04-13
314,Jere,Chappell,jchappell8p@drupal.org,Male,677-338-8317,1996-08-02
315,Trixi,Clausen-Thue,tclausenthue8q@engadget.com,Female,958-801-1323,2002-11-21
316,Maudie,Hartrick,mhartrick8r@so-net.ne.jp,Genderfluid,402-527-3312,1993-04-01
317,Danie,Fursland,dfursland8s@buzzfeed.com,Male,976-189-1371,1997-12-02
318,Jeffie,Durban,jdurban8t@cdbaby.com,Male,790-765-9520,2002-03-09
319,Ray,Espinosa,respinosa8u@mysql.com,Genderqueer,652-764-4398,1998-06-27
320,Viola,Scotford,vscotford8v@princeton.edu,Non-binary,630-576-2418,2002-06-15
321,Jojo,Beebis,jbeebis8w@bizjournals.com,Female,819-136-4309,1994-09-15
322,Vivianna,Wanklyn,vwanklyn8x@rambler.ru,Female,746-237-8605,1992-02-15
323,Gwenore,Teliga,gteliga8y@nationalgeographic.com,Female,855-864-9187,2002-03-19
324,Stanley,Foulkes,sfoulkes8z@house.gov,Male,589-917-6604,1995-06-06
325,Shawna,Hargreves,shargreves90@biblegateway.com,Female,778-118-3399,2001-06-30
326,Julie,Wordington,jwordington91@ameblo.jp,Male,182-604-8027,1997-04-29
327,Kass,Pregal,kpregal92@kickstarter.com,Female,173-509-4622,1995-04-29
328,Reube,Abade,rabade93@omniture.com,Male,382-397-1921,1998-01-16
329,Marc,Mattevi,mmattevi94@barnesandnoble.com,Agender,923-724-8371,1992-10-06
330,Geri,Rubel,grubel95@canalblog.com,Male,502-641-8393,1994-03-21
331,Artemus,Dominec,adominec96@sakura.ne.jp,Male,316-584-5186,1997-10-15
332,Shelby,Aristide,saristide97@cornell.edu,Female,264-464-5113,1998-06-03
333,Jemimah,Hebblethwaite,jhebblethwaite98@cdc.gov,Female,588-671-0788,2002-02-22
334,Dayle,Paolotto,dpaolotto99@themeforest.net,Female,126-904-0774,1993-02-14
335,Meg,Scraggs,mscraggs9a@hugedomains.com,Female,976-634-9830,1990-10-25
336,Chloe,Cometto,ccometto9b@toplist.cz,Female,669-363-2351,2000-05-16
337,Melamie,Rosenbaum,mrosenbaum9c@is.gd,Female,497-163-6128,1997-05-05
338,Lanita,Spadoni,lspadoni9d@technorati.com,Female,944-435-5842,1995-06-23
339,Minna,Anders,manders9e@godaddy.com,Female,808-499-5582,2001-09-02
340,Alberik,Domesday,adomesday9f@sciencedaily.com,Male,270-692-1926,1992-02-26
341,Lela,Mac Giolla Pheadair,lmacgiollapheadair9g@dion.ne.jp,Female,794-508-0008,1997-04-05
342,Rafe,Eilhart,reilhart9h@reference.com,Male,163-176-2032,2001-11-15
343,Estella,Goodricke,egoodricke9i@feedburner.com,Female,317-577-4400,1994-09-05
344,Trudey,Meers,tmeers9j@vimeo.com,Female,294-636-0839,1996-12-19
345,Wyn,Wilby,wwilby9k@blogger.com,Male,372-257-9017,1996-03-02
346,Allyn,Poundsford,apoundsford9l@bigcartel.com,Female,174-465-6956,2000-05-16
347,Fraze,Dudenie,fdudenie9m@joomla.org,Male,618-943-9416,1994-03-12
348,Avis,Yakobovitz,ayakobovitz9n@qq.com,Agender,570-384-9490,1995-09-12
349,Noel,Alejandri,nalejandri9o@abc.net.au,Female,886-717-7998,1999-06-05
350,Ingra,Wollrauch,iwollrauch9p@parallels.com,Male,447-259-5421,1991-04-17
351,Fleming,Wallice,fwallice9q@moonfruit.com,Male,382-536-8894,2003-09-09
352,Nolan,Gwatkin,ngwatkin9r@amazonaws.com,Male,527-418-5827,1996-02-04
353,Kit,Cassie,kcassie9s@blogger.com,Male,675-296-3411,1993-12-08
354,Jermaine,Baskeyfied,jbaskeyfied9t@unicef.org,Non-binary,569-481-7459,1991-06-06
355,Osborn,Adiscot,oadiscot9u@nbcnews.com,Male,681-428-0497,2000-10-16
356,Drusilla,Bothen,dbothen9v@geocities.jp,Female,593-793-4008,1996-08-25
357,Fenelia,Cristofvao,fcristofvao9w@aboutads.info,Female,356-194-3592,1999-07-26
358,Darby,Nuzzetti,dnuzzetti9x@senate.gov,Female,203-537-0696,2003-04-04
359,Shayne,Clissell,sclissell9y@ehow.com,Male,644-962-1364,1997-12-06
360,Francoise,Tickner,ftickner9z@huffingtonpost.com,Female,875-196-5388,1995-02-20
361,Foss,Fehely,ffehelya0@wiley.com,Male,303-289-3924,1992-06-15
362,Lorain,Stathor,lstathora1@flavors.me,Female,263-711-7779,1992-09-01
363,Christabella,Lusty,clustya2@howstuffworks.com,Female,105-524-2302,2000-02-16
364,Packston,Harring,pharringa3@moonfruit.com,Male,350-777-1870,2003-11-05
365,Geneva,Sayce,gsaycea4@jimdo.com,Female,787-182-8451,1999-08-27
366,Callean,Gremain,cgremaina5@photobucket.com,Male,387-188-3909,1993-05-26
367,Orion,Calver,ocalvera6@zimbio.com,Male,370-908-1556,1999-10-23
368,Akim,Birney,abirneya7@quantcast.com,Male,880-371-0030,1994-02-11
369,Roy,Goudy,rgoudya8@yale.edu,Agender,584-848-3961,1992-07-13
370,Travis,Monaghan,tmonaghana9@shinystat.com,Male,767-765-6602,1993-10-27
371,Mycah,Mackrill,mmackrillaa@linkedin.com,Male,542-313-3449,1995-01-20
372,Wittie,Sutcliffe,wsutcliffeab@virginia.edu,Male,180-365-1251,1993-09-18
373,Amity,Whitefoot,awhitefootac@slashdot.org,Female,721-483-2627,2002-10-21
374,Sibilla,Jerschke,sjerschkead@privacy.gov.au,Female,444-981-2635,1999-05-13
375,Johan,Bech,jbechae@goodreads.com,Male,253-335-9246,1996-01-20
376,Misha,O'Sesnane,mosesnaneaf@walmart.com,Female,436-251-0364,1994-04-02
377,Jarad,Boor,jboorag@yale.edu,Male,795-232-7863,1999-03-09
378,Esther,Towl,etowlah@jigsy.com,Female,985-788-2094,2003-09-07
379,Shannah,Parkman,sparkmanai@163.com,Female,304-547-4366,1997-09-20
380,Hammad,Jedrzaszkiewicz,hjedrzaszkiewiczaj@bbb.org,Male,774-628-6763,2001-02-05
381,Winni,Gartside,wgartsideak@webeden.co.uk,Female,422-116-5407,2002-08-17
382,Lib,Rounsivall,lrounsivallal@guardian.co.uk,Female,136-829-0510,1998-01-05
383,Jude,Algie,jalgieam@dedecms.com,Male,578-701-2789,1990-11-25
384,Alberik,Elcoate,aelcoatean@mlb.com,Male,404-603-9661,1999-05-19
385,Wallis,Greenhouse,wgreenhouseao@hud.gov,Female,451-186-9435,1992-08-17
386,Rochella,Trench,rtrenchap@vinaora.com,Female,668-980-8098,1993-06-13
387,Gilbert,Simner,gsimneraq@com.com,Male,727-751-2490,2000-01-02
388,Britney,Sheaf,bsheafar@ebay.co.uk,Female,960-108-2909,2002-03-25
389,Cleon,Fante,cfanteas@blog.com,Male,325-165-0010,2003-11-03
390,Ximenes,Galliver,xgalliverat@walmart.com,Male,555-898-1465,1994-04-15
391,Callie,Garvey,cgarveyau@accuweather.com,Female,348-238-6866,2003-07-10
392,Holmes,McKinney,hmckinneyav@statcounter.com,Male,368-275-9359,1992-11-02
393,Cece,Bowdon,cbowdonaw@pen.io,Male,671-659-9343,1998-05-29
394,Nikaniki,Yell,nyellax@ca.gov,Female,437-670-6208,1993-04-23
395,Eydie,Pfaffe,epfaffeay@1und1.de,Female,947-674-1444,2000-03-26
396,Kailey,Orneblow,korneblowaz@jalbum.net,Female,429-912-1454,1997-10-01
397,Fonzie,Sloam,fsloamb0@psu.edu,Male,609-277-2559,2001-08-13
398,Lonnard,Jarmaine,ljarmaineb1@tamu.edu,Male,772-174-0469,2002-05-19
399,Constancy,MacSorley,cmacsorleyb2@berkeley.edu,Female,447-666-9339,1995-02-07
400,Lenna,Calder,lcalderb3@imdb.com,Female,867-467-6777,2000-05-24
401,Benjy,Clear,bclearb4@discovery.com,Male,689-478-1512,1996-02-06
402,Efren,Queyeiro,equeyeirob5@mayoclinic.com,Male,166-762-2276,1996-12-15
403,Wynn,Aberdalgy,waberdalgyb6@wired.com,Male,307-978-9126,2002-05-17
404,Petunia,Scrivinor,pscrivinorb7@ted.com,Female,915-421-0312,1999-07-26
405,Suzette,Parmer,sparmerb8@un.org,Female,341-258-0094,1994-01-29
406,Saidee,Nassi,snassib9@stumbleupon.com,Female,404-956-8538,2001-06-26
407,Roderick,Garrelts,rgarreltsba@businessinsider.com,Male,127-158-8802,1997-01-21
408,Polly,Talbot,ptalbotbb@ftc.gov,Polygender,542-771-5274,2002-01-09
409,Karlyn,Dunton,kduntonbc@upenn.edu,Female,699-296-9201,1993-01-10
410,Cordie,Nellies,cnelliesbd@altervista.org,Male,853-739-9230,2001-08-08
411,Vania,Rubenov,vrubenovbe@elpais.com,Female,442-677-7818,1994-12-27
412,Lilian,Boatwright,lboatwrightbf@irs.gov,Female,755-435-2157,1998-08-05
413,Tony,Verma,tvermabg@state.tx.us,Polygender,912-968-4272,1994-09-17
414,Saunder,Spellworth,sspellworthbh@pen.io,Male,686-794-3822,1994-08-11
415,Charles,Blumfield,cblumfieldbi@mapy.cz,Bigender,683-858-7165,1996-03-20
416,Lyda,Kilcoyne,lkilcoynebj@issuu.com,Female,137-839-6652,2004-03-04
417,Aland,Rizon,arizonbk@blinklist.com,Male,349-923-0400,1999-11-03
418,Arlen,Scarborough,ascarboroughbl@umich.edu,Female,940-135-5680,2001-06-26
419,Sheryl,Caplen,scaplenbm@github.com,Female,869-691-8793,1990-09-16
420,Deena,Farnaby,dfarnabybn@mozilla.com,Female,421-290-2951,2001-07-02
421,Luelle,Falconar,lfalconarbo@pen.io,Female,596-575-0359,2000-08-20
422,Ryley,Fyndon,rfyndonbp@tiny.cc,Male,770-539-7678,2002-07-29
423,Bethina,Beringer,bberingerbq@alibaba.com,Non-binary,298-885-2543,1996-07-31
424,Mariel,Kelbie,mkelbiebr@kickstarter.com,Female,926-963-3883,1999-03-26
425,Bevvy,Kupker,bkupkerbs@wsj.com,Female,706-504-1527,1996-03-17
426,Valentino,Blowne,vblownebt@ycombinator.com,Genderqueer,110-496-0674,1992-03-05
427,Ambur,Hamnett,ahamnettbu@goo.gl,Female,614-855-9587,1993-08-06
428,Brigitte,Mattusevich,bmattusevichbv@cdc.gov,Genderfluid,350-542-4316,2002-05-08
429,Payton,Ziemsen,pziemsenbw@npr.org,Male,111-116-8890,2001-05-13
430,Guendolen,Pennick,gpennickbx@is.gd,Female,722-601-4829,2004-03-08
431,Odette,Tolchard,otolchardby@ebay.com,Female,981-770-7839,1997-01-03
432,Benito,Valero,bvalerobz@cnbc.com,Male,198-901-6183,1999-04-14
433,Rachael,Monkley,rmonkleyc0@clickbank.net,Female,706-788-8866,2001-06-02
434,Bryn,Iorns,biornsc1@engadget.com,Male,148-468-3764,2001-04-13
435,Lorinda,Bevens,lbevensc2@reddit.com,Female,388-877-1905,1996-11-30
436,Anderea,Wiz,awizc3@godaddy.com,Female,266-428-5950,2002-10-16
437,Madison,Swanbourne,mswanbournec4@mediafire.com,Male,914-108-8106,1996-01-26
438,Hobey,Schottli,hschottlic5@newyorker.com,Male,916-196-8918,1997-01-17
439,Pearl,Simeone,psimeonec6@ovh.net,Female,872-197-4623,1999-10-05
440,Garreth,Autry,gautryc7@ucoz.com,Male,321-111-2746,1999-12-16
441,Emile,Hauxley,ehauxleyc8@topsy.com,Male,738-602-3378,1990-09-06
442,Arri,Coulton,acoultonc9@imageshack.us,Male,900-341-2468,1993-11-30
443,Sheff,Waberer,swabererca@google.com.br,Male,306-477-9334,2001-05-05
444,Ag,Milsap,amilsapcb@amazon.com,Female,541-564-3684,2003-11-08
445,Nye,De Freyne,ndefreynecc@fc2.com,Male,666-727-4812,2004-05-04
446,Eli,Bredbury,ebredburycd@odnoklassniki.ru,Polygender,439-776-8913,1999-04-22
447,Dick,Twelftree,dtwelftreece@chron.com,Male,573-745-0010,1992-11-28
448,Nikkie,Fasey,nfaseycf@census.gov,Female,947-207-9641,1992-05-26
449,Filippa,MacGillavery,fmacgillaverycg@flavors.me,Female,812-957-0133,2000-10-18
450,Prisca,Suddards,psuddardsch@google.cn,Agender,325-548-4625,1997-03-22
451,Brietta,Ianizzi,bianizzici@google.es,Female,571-752-3068,1990-06-13
452,Griz,Baford,gbafordcj@washingtonpost.com,Male,937-965-9493,1992-10-23
453,Korie,Mower,kmowerck@about.me,Non-binary,537-359-5554,2003-08-26
454,Artur,Kusick,akusickcl@cdc.gov,Male,871-417-7308,2000-09-29
455,Nealson,Brasher,nbrashercm@tripadvisor.com,Male,533-751-7743,1993-09-26
456,Rogerio,Elsdon,relsdoncn@networkadvertising.org,Male,860-312-3118,1997-07-02
457,Gill,Grievson,ggrievsonco@blinklist.com,Male,998-327-0934,2001-09-08
458,Sheff,Korbmaker,skorbmakercp@uiuc.edu,Male,795-207-5221,1993-04-23
459,Jedidiah,Ingarfield,jingarfieldcq@zimbio.com,Male,214-548-4519,1996-01-16
460,Ainsley,MacIntosh,amacintoshcr@prnewswire.com,Female,289-282-9091,2001-10-23
461,Tallie,Pelerin,tpelerincs@theglobeandmail.com,Polygender,451-303-4567,1992-04-02
462,Rockey,Laurisch,rlaurischct@si.edu,Male,841-973-8017,1992-07-28
463,Bartolomeo,Cordeau,bcordeaucu@csmonitor.com,Male,213-834-8272,1992-06-18
464,Van,Linklater,vlinklatercv@princeton.edu,Male,503-855-9974,1999-01-31
465,Yehudi,Davitti,ydavitticw@de.vu,Male,732-174-6848,1993-09-27
466,Toiboid,Micheu,tmicheucx@webnode.com,Male,102-572-3374,2004-03-18
467,Sergent,Harlick,sharlickcy@mtv.com,Male,400-350-2199,1993-01-06
468,Emalee,Knevit,eknevitcz@msu.edu,Female,208-740-7465,1994-09-14
469,Devin,Pressland,dpresslandd0@e-recht24.de,Male,919-458-4120,1995-02-21
470,Tadd,Bodker,tbodkerd1@state.tx.us,Male,595-572-6195,1994-10-05
471,Caril,Birkenshaw,cbirkenshawd2@blinklist.com,Female,553-627-1327,2004-01-11
472,Lek,Knappe,lknapped3@theguardian.com,Male,961-378-1072,1997-10-10
473,Isahella,Hudspith,ihudspithd4@miibeian.gov.cn,Female,138-505-0830,1997-12-13
474,Krista,Flicker,kflickerd5@patch.com,Genderqueer,372-536-6821,2002-04-22
475,Joane,Nuscha,jnuschad6@ehow.com,Female,408-527-3425,2000-02-12
476,Bowie,Iglesia,biglesiad7@free.fr,Male,140-511-5914,1992-12-03
477,Elsie,Burberow,eburberowd8@odnoklassniki.ru,Female,292-305-8064,2000-04-22
478,Leeann,Pillifant,lpillifantd9@desdev.cn,Female,829-513-2536,2003-09-29
479,Bing,Sircombe,bsircombeda@scientificamerican.com,Male,233-726-1396,2001-04-14
480,Ursola,Tate,utatedb@prweb.com,Female,132-182-1684,1990-06-11
481,Maurine,Gawthrop,mgawthropdc@hugedomains.com,Female,785-753-2012,1993-11-03
482,Carri,Ewenson,cewensondd@squarespace.com,Female,969-771-7762,1992-01-01
483,Quintilla,Adie,qadiede@geocities.com,Female,441-442-0629,1994-03-26
484,Dev,Stendall,dstendalldf@kickstarter.com,Male,680-959-2753,1993-02-22
485,Gertrud,Kunert,gkunertdg@princeton.edu,Female,585-690-0122,2004-02-12
486,Verena,Sandwith,vsandwithdh@woothemes.com,Female,185-860-9460,1999-06-27
487,Cesar,Astall,castalldi@bigcartel.com,Male,516-454-3867,1996-03-22
488,Heinrick,Alvy,halvydj@dagondesign.com,Male,689-508-8236,2000-07-15
489,Ole,Stolting,ostoltingdk@biblegateway.com,Male,891-575-7796,1992-11-12
490,Greta,Fowley,gfowleydl@wordpress.com,Female,932-705-2899,1992-08-18
491,Maurizia,de Savery,mdesaverydm@dedecms.com,Female,284-191-9508,1999-09-23
492,Ruth,Dymock,rdymockdn@tinyurl.com,Female,783-867-7931,1999-10-28
493,Kaela,Lindbergh,klindberghdo@slate.com,Female,212-495-7349,2001-01-21
494,Tomasine,Goodyear,tgoodyeardp@storify.com,Female,660-221-1615,1991-08-12
495,Clarissa,Gotfrey,cgotfreydq@cdbaby.com,Female,780-618-0008,1993-07-07
496,Cori,Hallgalley,challgalleydr@fotki.com,Female,907-224-0273,1998-12-08
497,Roxy,Simner,rsimnerds@ed.gov,Female,114-346-7836,1995-05-18
498,Katine,Janku,kjankudt@sina.com.cn,Female,311-193-7378,1992-06-13
499,Glad,Shoobridge,gshoobridgedu@miibeian.gov.cn,Non-binary,464-747-4065,1996-05-06
500,Codie,Winchurst,cwinchurstdv@amazon.com,Male,977-719-0542,2001-01-02
501,Antonetta,Hultberg,ahultbergdw@mapquest.com,Female,128-479-1122,1998-07-10
502,Stormy,Hannan,shannandx@harvard.edu,Female,388-475-4363,1993-03-18
503,Misha,Conaghy,mconaghydy@com.com,Female,506-562-2441,1996-10-28
504,Hamlin,Paolucci,hpaoluccidz@google.es,Male,970-916-0045,1995-02-06
505,Storm,Pancoust,spancouste0@discovery.com,Female,601-729-0229,2001-10-01
506,Far,Alliott,falliotte1@vistaprint.com,Male,254-858-9449,2000-10-09
507,Tiffy,Mc Cahey,tmccaheye2@tinypic.com,Agender,979-389-5028,2002-12-15
508,Ivan,Mulheron,imulherone3@comsenz.com,Male,312-707-4499,2000-09-13
509,Jerrine,Walshe,jwalshee4@shinystat.com,Female,780-444-3013,1990-05-17
510,Tannie,Rand,trande5@wikipedia.org,Male,737-926-6237,1996-08-20
511,Tiffani,O'Hallihane,tohallihanee6@upenn.edu,Female,649-788-2693,1998-01-05
512,Lorraine,Tourry,ltourrye7@i2i.jp,Female,709-209-3254,2003-12-21
513,Emelen,Amberson,eambersone8@usgs.gov,Male,235-509-5758,1999-10-14
514,Bastien,Kiley,bkileye9@bbb.org,Male,165-211-2096,1996-03-17
515,Sidnee,Kolis,skolisea@answers.com,Male,539-706-0603,2002-07-21
516,Sandor,Mulhill,smulhilleb@example.com,Male,561-467-8469,1996-08-26
517,Jaime,Bowbrick,jbowbrickec@sciencedirect.com,Female,276-676-7775,1995-12-09
518,Zedekiah,Jolin,zjolined@epa.gov,Male,353-768-9355,2002-04-22
519,Katalin,Fludgate,kfludgateee@soundcloud.com,Female,632-286-1742,1997-09-02
520,Boony,Doxey,bdoxeyef@sphinn.com,Male,289-692-0502,1998-03-03
521,Barney,Vitler,bvitlereg@xing.com,Male,613-689-2937,2000-02-07
522,Che,Giorgiutti,cgiorgiuttieh@dell.com,Male,972-175-0636,1990-09-18
523,Naomi,McInerney,nmcinerneyei@youtube.com,Female,250-209-3346,1991-06-12
524,Alexis,Kench,akenchej@purevolume.com,Female,297-874-6763,1996-10-11
525,Waylon,Hulland,whullandek@sphinn.com,Male,343-863-2808,1999-06-05
526,Melody,Dackombe,mdackombeel@omniture.com,Female,229-340-3465,1993-12-10
527,Bary,Allatt,ballattem@walmart.com,Male,663-889-8244,1997-03-22
528,Fionna,Thorrington,fthorringtonen@goodreads.com,Female,114-513-1156,1999-01-27
529,Dore,Phizackerly,dphizackerlyeo@mashable.com,Polygender,545-376-2381,2004-02-09
530,Ed,Surridge,esurridgeep@sun.com,Male,650-418-9934,2003-02-02
531,Alard,Fink,afinkeq@instagram.com,Male,358-398-9177,1996-09-28
532,Calida,Wife,cwifeer@hugedomains.com,Female,103-403-2135,2001-02-25
533,Jeanie,Clilverd,jclilverdes@wsj.com,Female,313-676-2913,1998-07-21
534,Liuka,Hacksby,lhacksbyet@vkontakte.ru,Female,397-426-9674,1996-09-24
535,Euell,Lawrie,elawrieeu@wordpress.org,Male,218-317-6972,1992-07-22
536,Salmon,Paten,spatenev@seesaa.net,Male,469-612-6209,2001-11-15
537,Danit,Van Der Walt,dvanderwaltew@noaa.gov,Female,294-572-5561,1998-03-18
538,Felicio,Coverdale,fcoverdaleex@xinhuanet.com,Male,454-827-6006,1998-05-25
539,Ella,Huller,ehullerey@ucla.edu,Female,942-256-5476,1990-08-20
540,Lucien,Asquez,lasquezez@twitpic.com,Male,400-986-7882,1998-05-13
541,Lola,Kilner,lkilnerf0@timesonline.co.uk,Female,286-867-6069,1996-03-06
542,Kendricks,Horley,khorleyf1@nydailynews.com,Genderfluid,457-653-6645,1992-08-18
543,Augusto,Elis,aelisf2@economist.com,Male,687-337-8624,2003-05-19
544,Sheridan,Colenutt,scolenuttf3@g.co,Male,674-477-4073,2001-05-26
545,Dave,De'Vere - Hunt,ddeverehuntf4@merriam-webster.com,Male,293-313-2602,1999-03-15
546,Eziechiele,Thorneloe,ethorneloef5@bigcartel.com,Male,829-314-8280,1995-01-22
547,Daune,Durrad,ddurradf6@skyrock.com,Female,242-116-4444,1992-04-18
548,Camey,Kane,ckanef7@china.com.cn,Non-binary,320-982-6481,1994-06-29
549,Christian,Beard,cbeardf8@cornell.edu,Male,455-114-9886,1995-03-14
550,Towney,Lemmertz,tlemmertzf9@netvibes.com,Male,856-303-8595,1999-06-04
551,Kristy,Bleiman,kbleimanfa@example.com,Female,788-236-3555,2001-08-02
552,Kata,Hollingsby,khollingsbyfb@tripod.com,Genderfluid,294-428-6864,2002-10-17
553,Syman,Kropach,skropachfc@diigo.com,Male,317-491-6813,1993-02-17
554,Aguste,Jirousek,ajirousekfd@constantcontact.com,Male,728-262-5370,2003-09-09
555,Reine,Hulme,rhulmefe@prnewswire.com,Female,657-373-1358,1998-09-25
556,Aland,Timoney,atimoneyff@cyberchimps.com,Male,171-843-7951,1995-09-05
557,Goldia,Waterman,gwatermanfg@ovh.net,Female,189-877-1225,1998-01-27
558,Gena,Roddan,groddanfh@bbb.org,Female,721-420-0017,2003-05-26
559,Winnie,Melvin,wmelvinfi@narod.ru,Male,474-552-9314,2001-01-21
560,Juditha,Ferryman,jferrymanfj@statcounter.com,Female,676-675-7093,2003-02-07
561,Allen,Kingwell,akingwellfk@biglobe.ne.jp,Male,932-507-3088,1994-07-03
562,Dedie,Ibbeson,dibbesonfl@utexas.edu,Female,293-904-2909,1990-07-24
563,Jordanna,Rawsthorne,jrawsthornefm@jimdo.com,Female,773-612-8561,2003-12-01
564,Yolanda,Gillogley,ygillogleyfn@google.nl,Female,717-616-9932,1998-12-13
565,Lizzie,Heddan,lheddanfo@1688.com,Female,457-190-6924,1997-05-18
566,Shelden,Pechard,spechardfp@lulu.com,Male,600-105-9060,1992-02-28
567,Hilliard,Andrys,handrysfq@huffingtonpost.com,Male,837-706-9541,1999-08-29
568,Row,Bartosek,rbartosekfr@blog.com,Female,360-968-8540,1993-04-12
569,Kare,Koschke,kkoschkefs@nature.com,Female,785-208-2815,1999-08-08
570,Robers,Osgardby,rosgardbyft@wufoo.com,Male,967-356-5358,2001-06-06
571,Abner,Doughton,adoughtonfu@shutterfly.com,Male,446-314-9139,1999-07-09
572,Michaelina,Ginn,mginnfv@privacy.gov.au,Female,452-662-5831,1994-12-24
573,Bernhard,Rowberry,browberryfw@diigo.com,Male,425-119-1314,1996-05-12
574,Meredith,Skellington,mskellingtonfx@narod.ru,Female,228-617-2439,2000-12-13
575,Shelby,Batchelar,sbatchelarfy@cnn.com,Female,326-800-3119,1998-09-22
576,Brigitte,Marrill,bmarrillfz@com.com,Female,507-867-9707,1994-11-22
577,Cornelia,Peasby,cpeasbyg0@hp.com,Female,162-975-7887,1997-04-13
578,Carolyn,Bowle,cbowleg1@stumbleupon.com,Female,555-837-9107,1992-08-10
579,Abeu,Keatch,akeatchg2@github.com,Male,570-128-5181,1995-01-22
580,Marianne,Westnedge,mwestnedgeg3@over-blog.com,Female,898-279-1232,1991-05-08
581,Lemmie,Weatherell,lweatherellg4@ehow.com,Male,738-518-1022,1994-02-27
582,Melba,Mariet,mmarietg5@spotify.com,Female,814-824-4071,2001-08-17
583,Antonetta,McCumskay,amccumskayg6@netvibes.com,Female,891-481-0113,2002-01-15
584,Peyton,Brimm,pbrimmg7@unesco.org,Male,124-591-3176,1998-06-16
585,Gustave,Cristofvao,gcristofvaog8@abc.net.au,Male,672-978-9550,1996-01-10
586,Pepi,Binnell,pbinnellg9@de.vu,Female,239-915-5073,1991-04-17
587,Vania,Birdseye,vbirdseyega@people.com.cn,Bigender,520-582-8977,2000-06-29
588,Cole,Willetts,cwillettsgb@msu.edu,Male,560-855-0720,1999-07-10
589,Wilmette,Riding,wridinggc@cornell.edu,Female,583-798-3729,2002-08-26
590,Willem,Pratchett,wpratchettgd@home.pl,Genderqueer,955-622-8972,1994-01-14
591,Vicky,Loiterton,vloitertonge@ox.ac.uk,Female,516-100-5557,1998-10-13
592,Nerita,Dalyiel,ndalyielgf@multiply.com,Female,246-904-6650,2001-09-24
593,Emalia,Proudler,eproudlergg@myspace.com,Female,154-195-7121,1999-09-27
594,Yanaton,Tebbet,ytebbetgh@guardian.co.uk,Male,997-198-2247,1995-11-03
595,Nadean,Smaile,nsmailegi@opera.com,Non-binary,164-594-8237,1995-08-31
596,Cassie,Waddoups,cwaddoupsgj@springer.com,Male,681-620-2853,2001-10-01
597,Jacques,Rockell,jrockellgk@rediff.com,Agender,907-896-2983,1997-06-09
598,Keir,Ferraresi,kferraresigl@wsj.com,Male,724-188-9433,1993-04-23
599,Auberon,Cortez,acortezgm@ocn.ne.jp,Male,108-228-5618,1991-01-06
600,Horacio,Stovine,hstovinegn@tamu.edu,Male,794-744-8185,1992-12-21
601,Dasya,Buxsy,dbuxsygo@mashable.com,Female,796-749-6655,1993-06-01
602,Ode,Alben,oalbengp@ustream.tv,Male,149-118-0742,1996-11-01
603,Abbie,Heyworth,aheyworthgq@slate.com,Female,223-136-4698,1994-04-08
604,Blaine,Dudson,bdudsongr@sina.com.cn,Male,414-333-3007,1998-10-13
605,Leann,Sudddard,lsudddardgs@dropbox.com,Agender,550-309-6952,2000-08-20
606,Mathian,McCarroll,mmccarrollgt@ed.gov,Male,710-561-9046,1998-06-30
607,Brander,Kaes,bkaesgu@bbc.co.uk,Male,529-148-8530,1996-05-08
608,Bobbette,Rauprich,brauprichgv@fda.gov,Female,101-436-8118,1996-04-03
609,Maxie,Gaskin,mgaskingw@hao123.com,Male,437-328-5629,2000-01-25
610,Gilbert,Giffaut,ggiffautgx@bandcamp.com,Male,809-578-3758,1993-03-24
611,Carlynn,Turley,cturleygy@histats.com,Female,302-701-4376,1998-05-17
612,Mahmud,Middleweek,mmiddleweekgz@epa.gov,Male,309-283-3639,2002-12-22
613,Arman,Alstead,aalsteadh0@sourceforge.net,Male,136-652-1530,2003-03-02
614,Brina,Golborn,bgolbornh1@state.gov,Female,658-892-9559,1992-10-10
615,Oralie,Caton,ocatonh2@eepurl.com,Female,923-633-6989,1995-06-18
616,Catrina,Naisby,cnaisbyh3@theglobeandmail.com,Female,729-963-9553,2003-10-25
617,Manny,Bracher,mbracherh4@ftc.gov,Male,777-967-5156,2000-01-29
618,Aleksandr,Astman,aastmanh5@umn.edu,Male,323-567-8155,1997-02-20
619,Kristina,Guillou,kguillouh6@umn.edu,Female,324-866-6440,1992-11-27
620,Fianna,Beynkn,fbeynknh7@privacy.gov.au,Female,526-339-5522,1995-12-16
621,Gregoire,Sulland,gsullandh8@list-manage.com,Male,609-482-2594,2001-12-05
622,Henrietta,Jost,hjosth9@globo.com,Polygender,783-860-9918,1994-04-03
623,Francois,Benge,fbengeha@sina.com.cn,Male,537-581-4341,1996-07-25
624,Rana,Eskriet,reskriethb@geocities.com,Non-binary,262-731-0827,1991-05-05
625,Kristofer,Varnham,kvarnhamhc@deliciousdays.com,Agender,695-411-7496,2000-08-20
626,Richardo,Cato,rcatohd@linkedin.com,Male,635-763-3000,2003-12-22
627,Giacobo,Hexum,ghexumhe@chron.com,Male,794-612-8919,2003-10-12
628,Keary,Sidebotham,ksidebothamhf@toplist.cz,Male,246-339-7948,2004-04-28
629,Imogen,Putton,iputtonhg@va.gov,Female,111-841-1287,1999-11-20
630,Holli,Marshallsay,hmarshallsayhh@cnn.com,Female,267-350-8907,2001-12-11
631,Nigel,Nestle,nnestlehi@ted.com,Male,965-110-3876,1992-10-09
632,Latia,Storres,lstorreshj@state.tx.us,Polygender,414-870-3258,1996-02-27
633,Kerstin,Collinwood,kcollinwoodhk@archive.org,Female,334-133-9481,1992-04-25
634,Lissy,Clineck,lclineckhl@dion.ne.jp,Female,129-698-5387,1990-12-21
635,Alleen,Stych,astychhm@wsj.com,Female,484-711-0433,2003-09-16
636,Leroy,Tansly,ltanslyhn@surveymonkey.com,Male,145-520-5300,1998-01-28
637,Gavan,Blatcher,gblatcherho@freewebs.com,Male,470-427-5405,1999-01-01
638,Broddy,Berick,bberickhp@pagesperso-orange.fr,Male,115-671-9768,1996-04-04
639,Deloria,Tinsley,dtinsleyhq@timesonline.co.uk,Female,177-307-1097,2002-02-06
640,Randie,Kinset,rkinsethr@blogspot.com,Male,648-674-2341,2001-05-19
641,Amata,Spargo,aspargohs@webs.com,Female,840-740-0091,1991-10-14
642,Savina,Stellin,sstellinht@newsvine.com,Female,794-736-9091,1990-11-02
643,Cody,Bearn,cbearnhu@istockphoto.com,Male,506-514-1264,2003-08-24
644,Noell,Moggach,nmoggachhv@amazon.co.jp,Female,323-763-5772,1992-08-08
645,Malanie,Grayshan,mgrayshanhw@sciencedirect.com,Female,418-590-0971,2000-03-10
646,Avigdor,Durand,adurandhx@nhs.uk,Bigender,782-889-9549,2003-01-26
647,Saundra,Srawley,ssrawleyhy@t.co,Male,754-745-1948,2001-05-14
648,Urson,Elener,uelenerhz@sciencedirect.com,Bigender,926-349-3145,1996-01-09
649,Verney,Sarton,vsartoni0@wired.com,Male,713-508-6766,1992-05-27
650,Osmond,Kells,okellsi1@facebook.com,Male,584-452-0025,1997-10-10
651,Brigitta,Woollhead,bwoollheadi2@arstechnica.com,Female,607-314-3904,1997-05-23
652,Jazmin,Grabham,jgrabhami3@berkeley.edu,Polygender,558-228-6497,1996-01-07
653,Gustave,Hirsch,ghirschi4@msu.edu,Male,660-187-8375,1998-10-20
654,Tamera,Lickess,tlickessi5@bizjournals.com,Bigender,228-322-9430,1995-08-13
655,Ileane,Spoure,ispourei6@yolasite.com,Female,798-245-6096,2004-03-29
656,Bernarr,Dillingston,bdillingstoni7@typepad.com,Male,415-284-9310,1995-03-07
657,Dixie,Burgott,dburgotti8@theglobeandmail.com,Female,497-989-5844,2003-08-31
658,Dottie,Bannerman,dbannermani9@wiley.com,Genderqueer,891-965-3395,1997-10-11
659,Efren,Tucker,etuckeria@mashable.com,Male,111-656-0554,1998-02-18
660,Anallise,Beardsell,abeardsellib@google.cn,Female,295-422-9460,1992-01-17
661,Alard,Byart,abyartic@youku.com,Male,553-755-4870,1991-09-30
662,Emera,Mouton,emoutonid@biblegateway.com,Female,123-234-3042,2003-07-02
663,Gay,Fardy,gfardyie@mozilla.com,Female,695-607-0933,2002-06-02
664,Griselda,Lapre,glapreif@sourceforge.net,Female,886-496-7928,1997-01-01
665,Win,Melbourne,wmelbourneig@ustream.tv,Male,776-484-0121,1994-06-02
666,Austin,Friese,afrieseih@4shared.com,Genderqueer,449-512-7996,1992-10-31
667,Leonerd,Kubatsch,lkubatschii@stanford.edu,Male,598-928-5044,1994-09-16
668,Lorelle,Klagge,lklaggeij@mit.edu,Female,301-333-3896,1999-07-08
669,Bryana,Elwyn,belwynik@elegantthemes.com,Female,872-303-7452,2003-03-28
670,Jeanie,McCarlie,jmccarlieil@technorati.com,Female,632-193-4794,1998-12-04
671,Mindy,Aldren,maldrenim@bravesites.com,Female,444-371-8482,1990-07-17
672,Celestine,Weedall,cweedallin@nydailynews.com,Female,498-206-0136,2003-10-15
673,Gerladina,Dennison,gdennisonio@netscape.com,Female,413-277-2096,1993-08-03
674,Robbi,Clissett,rclissettip@soundcloud.com,Female,102-343-6461,2001-05-17
675,Dewey,McLernon,dmclernoniq@globo.com,Male,839-434-7854,2001-04-19
676,Michaella,Orbon,morbonir@accuweather.com,Female,262-810-7147,1995-01-19
677,Chico,Shitliffe,cshitliffeis@usda.gov,Male,154-374-0448,1998-04-28
678,Fredra,Janowicz,fjanowiczit@stumbleupon.com,Female,917-913-8542,2003-11-29
679,Meghan,Pavitt,mpavittiu@si.edu,Female,436-977-2549,1995-11-28
680,Tallulah,Tippin,ttippiniv@marketwatch.com,Female,232-867-9669,1997-07-02
681,Beryle,Renzo,brenzoiw@europa.eu,Female,263-405-5131,2001-01-03
682,Brett,Basant,bbasantix@pen.io,Female,191-586-2133,2001-12-24
683,Emera,Payle,epayleiy@angelfire.com,Female,382-827-6654,1999-03-08
684,Tristan,Crayton,tcraytoniz@washington.edu,Male,638-541-5081,1995-12-23
685,Huberto,Karus,hkarusj0@dyndns.org,Polygender,638-105-6796,2000-07-22
686,Sherline,Pentelo,spenteloj1@ucsd.edu,Female,248-201-8393,1997-01-08
687,Edwin,Sans,esansj2@dagondesign.com,Male,451-793-4842,1996-05-23
688,Brit,Rojel,brojelj3@kickstarter.com,Male,769-680-3520,1994-03-23
689,Gavan,Fedoronko,gfedoronkoj4@alibaba.com,Male,994-776-3010,2002-11-30
690,Ode,Consterdine,oconsterdinej5@cnet.com,Male,399-626-2539,2000-12-19
691,Natalya,Bromfield,nbromfieldj6@cnn.com,Female,812-985-2884,1999-11-16
692,Spencer,Leipold,sleipoldj7@google.com.au,Male,570-294-0747,2003-09-26
693,Anstice,Roumier,aroumierj8@seattletimes.com,Female,804-814-1576,1990-05-16
694,Ali,Awcock,aawcockj9@ocn.ne.jp,Male,631-367-0708,1995-11-08
695,Giacomo,Cuxson,gcuxsonja@ask.com,Male,458-285-3546,1993-12-12
696,Marv,Livingston,mlivingstonjb@printfriendly.com,Male,460-147-3002,1991-05-04
697,Brynna,Beller,bbellerjc@reuters.com,Female,521-637-8856,1994-06-14
698,Alli,Kerton,akertonjd@hugedomains.com,Female,812-954-9420,1999-08-18
699,Ulberto,Moncaster,umoncasterje@ow.ly,Male,668-716-8362,2002-01-03
700,Buck,Erwin,berwinjf@europa.eu,Male,121-570-7150,1993-02-25
701,Avictor,Youel,ayoueljg@gizmodo.com,Male,600-301-8513,2003-05-08
702,Addy,Bartholat,abartholatjh@elpais.com,Female,558-604-1550,2004-02-06
703,Skippie,Lemmens,slemmensji@usatoday.com,Male,336-694-5310,1990-06-28
704,Gonzales,Winkless,gwinklessjj@nature.com,Male,303-579-7461,2000-08-14
705,Barr,Norrey,bnorreyjk@va.gov,Male,129-725-2388,1992-11-18
706,Felisha,MacQuaker,fmacquakerjl@bloomberg.com,Female,500-353-6749,2001-06-20
707,Saba,Cleare,sclearejm@infoseek.co.jp,Female,479-438-9187,2002-01-05
708,Griz,Collister,gcollisterjn@statcounter.com,Male,833-911-8362,1998-04-29
709,Lauri,Haggerwood,lhaggerwoodjo@jiathis.com,Female,305-889-2188,1993-04-08
710,Rickie,Mulberry,rmulberryjp@dailymotion.com,Male,341-373-9217,1995-09-26
711,Christyna,McPaik,cmcpaikjq@etsy.com,Female,606-106-3233,1998-10-24
712,Mamie,Dockree,mdockreejr@cnet.com,Female,249-322-7942,1996-09-19
713,Claudetta,Keattch,ckeattchjs@elpais.com,Female,918-503-5243,1991-08-02
714,Zelma,Borgnet,zborgnetjt@quantcast.com,Female,850-601-6734,1992-12-23
715,Tonnie,Boanas,tboanasju@over-blog.com,Male,675-469-3828,1999-11-29
716,Crista,Bygate,cbygatejv@last.fm,Female,633-180-2189,2004-04-24
717,Nicolais,Lenchenko,nlenchenkojw@dagondesign.com,Male,362-967-0123,2004-02-28
718,Josselyn,Rotchell,jrotchelljx@bbc.co.uk,Female,863-369-8622,1993-11-28
719,Margaretta,Fanner,mfannerjy@dion.ne.jp,Female,508-488-9670,1990-12-26
720,Heida,Gail,hgailjz@posterous.com,Female,290-549-9997,2001-06-13
721,Donn,Bourbon,dbourbonk0@samsung.com,Male,407-132-6830,1996-11-14
722,Leonidas,Jagson,ljagsonk1@gravatar.com,Genderfluid,501-351-7320,1994-05-20
723,Charline,Keynd,ckeyndk2@sbwire.com,Female,871-589-5610,1997-08-07
724,Kristin,Villar,kvillark3@irs.gov,Female,652-462-0198,1996-01-06
725,Gilligan,Temblett,gtemblettk4@bloglines.com,Genderfluid,120-287-6221,1991-01-21
726,Addison,Gilstoun,agilstounk5@domainmarket.com,Male,606-847-1207,2000-08-08
727,Linoel,Tweedy,ltweedyk6@yolasite.com,Male,934-122-4514,1992-07-19
728,Margret,Windas,mwindask7@tinyurl.com,Polygender,223-884-3226,1993-06-04
729,Lockwood,Moulton,lmoultonk8@desdev.cn,Male,887-250-7125,2000-08-22
730,Ralph,Ronchetti,rronchettik9@free.fr,Male,532-995-0815,1990-09-16
731,Duffy,Peert,dpeertka@discovery.com,Male,392-248-3946,1993-09-06
732,Hanan,Schultheiss,hschultheisskb@ted.com,Male,920-781-1885,1992-06-06
733,Tilly,Chalice,tchalicekc@etsy.com,Female,333-860-1056,1998-03-24
734,Ulrich,McGeechan,umcgeechankd@webeden.co.uk,Male,670-247-5370,1993-09-16
735,Sylvester,McGriele,smcgrieleke@dagondesign.com,Male,311-190-4617,1994-01-19
736,Teodorico,Caslett,tcaslettkf@gizmodo.com,Male,834-862-8459,1992-07-29
737,Gertruda,Cranmere,gcranmerekg@gov.uk,Female,527-382-6113,1994-08-22
738,Eada,Dronsfield,edronsfieldkh@over-blog.com,Female,619-443-8215,2003-11-25
739,Katlin,Adanet,kadanetki@bing.com,Female,879-302-6715,1993-02-21
740,Idette,Farncombe,ifarncombekj@google.cn,Female,158-501-4560,2001-06-19
741,Juliane,Curston,jcurstonkk@webeden.co.uk,Female,155-553-6729,2003-04-30
742,Tommy,Marini,tmarinikl@ox.ac.uk,Female,661-741-0048,1991-10-11
743,Gayla,Taunton,gtauntonkm@howstuffworks.com,Female,924-954-7300,1991-09-04
744,Cleve,Kirckman,ckirckmankn@netvibes.com,Male,960-211-3097,2003-06-19
745,Yulma,Brickell,ybrickellko@oracle.com,Male,896-203-9569,1990-05-24
746,Padraic,Basant,pbasantkp@instagram.com,Male,658-942-5260,2000-02-13
747,Jacky,Wise,jwisekq@sciencedaily.com,Male,936-467-9240,2001-04-18
748,Yard,Bunkle,ybunklekr@nature.com,Male,940-870-1115,1999-06-19
749,Katey,Lynnitt,klynnittks@theglobeandmail.com,Female,515-212-8985,2001-11-28
750,Danita,Kelle,dkellekt@jugem.jp,Female,660-623-4354,1993-12-20
751,Gasparo,Dabinett,gdabinettku@sourceforge.net,Male,192-324-8163,1999-08-10
752,Anallise,Eallis,aealliskv@weibo.com,Female,259-888-2431,2002-07-19
753,Dukey,Prattin,dprattinkw@homestead.com,Male,233-889-0553,1994-09-20
754,Tamar,Oylett,toylettkx@pinterest.com,Female,857-667-7327,1993-06-23
755,Krishna,Cockerham,kcockerhamky@flavors.me,Male,249-640-0059,1997-10-25
756,Clair,Bunyard,cbunyardkz@ucoz.com,Female,706-291-2292,1998-06-17
757,Gavan,McMurtyr,gmcmurtyrl0@ucsd.edu,Male,255-848-3731,1995-01-31
758,Tamma,Colman,tcolmanl1@canalblog.com,Female,897-661-7180,1995-03-16
759,Fredi,Jacqueme,fjacquemel2@imdb.com,Female,429-379-3328,2004-04-15
760,Normand,Withrington,nwithringtonl3@google.com.br,Male,469-327-0906,1996-07-29
761,Tara,Antliff,tantliffl4@marketwatch.com,Female,846-677-1260,1992-12-23
762,Bo,Foston,bfostonl5@angelfire.com,Male,506-121-6415,1998-03-02
763,Fanya,Halbert,fhalbertl6@de.vu,Female,750-827-2433,1991-11-22
764,Mei,Regnard,mregnardl7@scribd.com,Female,616-432-6117,1992-02-16
765,Kahaleel,Buswell,kbuswelll8@shutterfly.com,Male,946-914-1681,1996-11-11
766,Vito,Hucknall,vhucknalll9@washington.edu,Male,456-131-0807,1997-02-12
767,Emlen,Peyton,epeytonla@1688.com,Male,967-635-7781,1990-06-05
768,Jobyna,Farrears,jfarrearslb@goo.gl,Female,694-412-1114,1993-08-03
769,Valentine,Henrique,vhenriquelc@mit.edu,Male,538-108-7253,1998-01-15
770,Winn,Leal,wlealld@paypal.com,Male,831-891-6882,1994-01-02
771,Giffy,Giveen,ggiveenle@thetimes.co.uk,Non-binary,318-551-6102,2003-03-02
772,Winny,Pankethman,wpankethmanlf@lycos.com,Female,597-981-8502,1991-02-18
773,Gerek,Franceschino,gfranceschinolg@google.ru,Male,600-151-2451,1995-09-24
774,Ortensia,Andrysiak,oandrysiaklh@mozilla.org,Female,158-821-7789,1992-11-02
775,Carroll,Goakes,cgoakesli@issuu.com,Polygender,442-823-3910,1998-09-24
776,Ferdinand,Ruos,fruoslj@bing.com,Male,290-390-0814,2003-05-10
777,Erhard,Feltoe,efeltoelk@360.cn,Male,852-154-6493,1995-06-23
778,Porter,Mincher,pmincherll@artisteer.com,Male,620-342-8966,1991-02-15
779,Hailee,Doorly,hdoorlylm@photobucket.com,Female,784-338-7930,1999-11-14
780,Adrian,McArdle,amcardleln@sciencedirect.com,Female,955-595-9292,2003-04-23
781,Hermine,Watterson,hwattersonlo@e-recht24.de,Female,267-922-1460,1993-02-19
782,Pietro,Scourfield,pscourfieldlp@google.com.br,Male,879-889-5935,1995-01-07
783,Brandea,Chittock,bchittocklq@posterous.com,Female,528-223-2260,2000-09-23
784,Bidget,Yokelman,byokelmanlr@scientificamerican.com,Female,749-230-4150,1998-01-12
785,Malvin,Portam,mportamls@virginia.edu,Male,338-856-9559,1990-06-13
786,Tim,Roose,trooselt@jigsy.com,Male,706-319-8469,2000-11-29
787,Kati,Bygreaves,kbygreaveslu@unblog.fr,Non-binary,331-731-2775,1991-09-09
788,Elliott,Schult,eschultlv@usatoday.com,Male,732-897-1518,1999-06-10
789,Lisetta,Laker,llakerlw@yahoo.co.jp,Female,548-491-5522,1993-07-08
790,Marla,Folk,mfolklx@vk.com,Female,497-110-1752,1990-10-09
791,Chloe,Dibley,cdibleyly@miibeian.gov.cn,Female,836-574-2054,2003-12-29
792,Thibaut,Giraudeau,tgiraudeaulz@goodreads.com,Male,274-853-3934,1995-03-05
793,Othelia,Rowson,orowsonm0@hubpages.com,Female,750-135-0778,1997-09-24
794,Orion,Gellately,ogellatelym1@nationalgeographic.com,Male,488-153-6182,2000-02-03
795,Livia,Wailes,lwailesm2@joomla.org,Female,618-849-7327,1999-03-30
796,Marcos,Hutchinson,mhutchinsonm3@phpbb.com,Male,893-129-6623,2001-05-16
797,Harris,Lawford,hlawfordm4@goo.gl,Male,771-458-3879,1999-08-02
798,Mariquilla,Ratazzi,mratazzim5@prweb.com,Female,784-347-7075,1996-05-10
799,Francois,Jessep,fjessepm6@shinystat.com,Male,480-810-2475,2002-05-07
800,Francis,Stennes,fstennesm7@fotki.com,Male,545-546-4215,1996-11-24
801,Sauveur,Yantsev,syantsevm8@fda.gov,Male,705-806-6759,2003-11-29
802,Debra,Hibbart,dhibbartm9@cyberchimps.com,Female,476-711-2328,1995-05-22
803,Ragnar,Loukes,rloukesma@etsy.com,Male,292-964-8549,2003-02-23
804,Brigg,Adrienne,badriennemb@nifty.com,Male,540-269-4749,1997-04-21
805,Peyton,Jennins,pjenninsmc@google.cn,Polygender,128-231-0424,1994-08-30
806,Papageno,Haselden,phaseldenmd@addthis.com,Male,167-863-3981,1999-12-07
807,Anthony,MacPhail,amacphailme@marriott.com,Male,713-605-1246,1996-11-16
808,Margi,Jimenez,mjimenezmf@hc360.com,Female,203-667-5085,1998-02-27
809,Pauletta,Ovid,povidmg@hp.com,Female,732-493-1951,2002-08-02
810,Gregory,Zarfati,gzarfatimh@cmu.edu,Male,545-986-6508,1994-12-14
811,Gerri,Marmion,gmarmionmi@zimbio.com,Female,475-956-9227,1998-05-30
812,Mirabel,Scutchings,mscutchingsmj@wufoo.com,Female,253-588-2483,2002-11-07
813,Jana,O'Shee,josheemk@vistaprint.com,Female,258-386-5926,1995-12-11
814,Andriette,Gaber,agaberml@posterous.com,Female,652-725-1151,1990-11-18
815,Anthea,Sworne,aswornemm@sakura.ne.jp,Female,576-611-9309,1991-07-19
816,Ernestine,Mellmer,emellmermn@ovh.net,Female,527-585-0418,1991-01-02
817,Matthieu,Slafford,mslaffordmo@walmart.com,Male,625-857-3357,1995-02-17
818,Sherry,O' Mara,somaramp@icq.com,Female,475-952-1966,2001-07-29
819,Emelina,Arger,eargermq@goo.gl,Female,154-780-8471,1997-07-14
820,Wittie,Mordey,wmordeymr@devhub.com,Bigender,375-608-4287,1993-04-03
821,Dmitri,Fisbey,dfisbeyms@nps.gov,Male,108-555-0207,1991-12-13
822,Tymon,Felce,tfelcemt@chron.com,Male,344-566-8103,1993-04-04
823,Pavia,Cornforth,pcornforthmu@aol.com,Polygender,919-603-4143,1995-09-29
824,Felice,Tumility,ftumilitymv@bigcartel.com,Male,944-878-8084,1999-03-30
825,Michel,Pattullo,mpattullomw@economist.com,Genderqueer,997-497-1078,1999-02-23
826,Emmy,de Clerq,edeclerqmx@adobe.com,Male,972-773-1722,1999-08-31
827,Danit,Tottle,dtottlemy@seesaa.net,Female,360-898-1108,1997-06-30
828,Ingelbert,Filliskirk,ifilliskirkmz@tripadvisor.com,Male,172-241-2951,1993-02-04
829,Dani,Iacofo,diacofon0@usatoday.com,Female,433-559-2425,1995-01-20
830,Halette,Lammas,hlammasn1@slashdot.org,Female,671-689-9406,2001-10-24
831,Lane,Peterkin,lpeterkinn2@pen.io,Female,244-436-5641,2001-08-12
832,Kelcie,Mowsdell,kmowsdelln3@springer.com,Female,503-201-9654,1996-11-05
833,Kory,Cochrane,kcochranen4@blogtalkradio.com,Male,447-130-3699,1994-12-19
834,Ladonna,Pickover,lpickovern5@infoseek.co.jp,Female,871-110-5461,2001-12-19
835,Rora,Risby,rrisbyn6@tiny.cc,Female,634-292-8993,1996-04-28
836,Lukas,Ridgers,lridgersn7@ibm.com,Male,653-318-9702,1998-02-04
837,Luke,Maskelyne,lmaskelynen8@alexa.com,Male,859-202-3857,1991-10-03
838,Aeriell,Graham,agrahamn9@odnoklassniki.ru,Female,407-611-4826,2000-02-14
839,Orlando,Hannaby,ohannabyna@topsy.com,Male,747-502-4378,1993-12-16
840,Deck,Sivyer,dsivyernb@liveinternet.ru,Male,108-936-9587,1991-10-20
841,Corney,Altamirano,caltamiranonc@pcworld.com,Male,561-597-4953,2000-05-06
842,Emily,Simnor,esimnornd@bloomberg.com,Polygender,411-465-9964,2000-05-24
843,Ross,Dowles,rdowlesne@oakley.com,Male,275-943-4802,1994-12-05
844,Callie,Morling,cmorlingnf@google.ru,Female,587-812-1925,1996-02-19
845,Nate,Quenell,nquenellng@yale.edu,Male,741-528-6285,1999-12-01
846,Krishna,Santi,ksantinh@seattletimes.com,Male,893-746-7328,2000-03-12
847,Blondy,Gosland,bgoslandni@alexa.com,Female,660-376-7891,1995-12-20
848,Kalinda,Renoden,krenodennj@sourceforge.net,Polygender,726-387-8851,1998-12-10
849,Hartley,Mowsley,hmowsleynk@studiopress.com,Genderqueer,486-783-3344,1992-02-09
850,Shaw,McVicker,smcvickernl@omniture.com,Male,197-129-2532,1999-08-02
851,Guendolen,Broadway,gbroadwaynm@bandcamp.com,Female,576-455-1641,1996-03-24
852,Eward,McCourtie,emccourtienn@dot.gov,Male,600-300-0607,1997-03-17
853,Casper,Falk,cfalkno@furl.net,Male,752-253-4783,1995-08-15
854,Nollie,Swainston,nswainstonnp@shareasale.com,Female,704-775-0146,1999-09-05
855,Lorrie,Feldmesser,lfeldmessernq@japanpost.jp,Male,682-560-5232,2000-08-10
856,Hewe,Stoade,hstoadenr@networksolutions.com,Male,413-290-6986,1992-05-12
857,Charlotta,Andraud,candraudns@alibaba.com,Female,849-185-2462,1994-01-12
858,Borden,Trematick,btrematicknt@soup.io,Male,625-999-5704,1996-10-10
859,Nolly,Yurivtsev,nyurivtsevnu@apple.com,Male,680-687-1363,2001-07-06
860,Leigha,Sodo,lsodonv@facebook.com,Female,116-713-2379,2000-06-18
861,Darrick,Angeli,dangelinw@boston.com,Male,152-478-6039,1990-11-24
862,Yvor,Atterbury,yatterburynx@eepurl.com,Male,934-538-6919,1991-10-13
863,Mohandas,Sinney,msinneyny@cyberchimps.com,Polygender,544-981-9166,1994-08-10
864,Chickie,Meneely,cmeneelynz@ning.com,Female,642-308-8720,2004-02-20
865,Tiffi,Klimczak,tklimczako0@i2i.jp,Female,740-397-1616,1992-11-14
866,Kristos,Bartrum,kbartrumo1@mashable.com,Male,718-541-8557,2003-10-30
867,Janeta,Gradley,jgradleyo2@blogs.com,Agender,949-591-7002,2003-07-21
868,Daphne,Youthead,dyoutheado3@ovh.net,Female,240-853-3712,1994-04-05
869,Cindie,Serotsky,cserotskyo4@answers.com,Female,130-963-2640,1992-12-07
870,James,Miskimmon,jmiskimmono5@ovh.net,Male,716-626-4400,1998-07-02
871,Kiley,Halward,khalwardo6@un.org,Male,897-455-2934,1992-02-23
872,Vasilis,Raywood,vraywoodo7@blogspot.com,Male,649-629-6444,1997-08-06
873,Ilka,Bubeer,ibubeero8@bloomberg.com,Female,300-615-2352,1999-07-05
874,Maddie,Epple,meppleo9@reuters.com,Male,774-489-7938,1999-07-17
875,Rafael,Predohl,rpredohloa@diigo.com,Male,491-680-3396,1990-05-26
876,Gage,Connew,gconnewob@uiuc.edu,Genderqueer,853-172-1130,1998-12-12
877,Idalia,Cawdron,icawdronoc@toplist.cz,Female,389-653-0599,1992-08-31
878,Cecelia,Ruddle,cruddleod@ed.gov,Non-binary,226-879-8349,1996-08-25
879,Julia,Beathem,jbeathemoe@state.gov,Female,226-895-1333,2001-01-16
880,Bail,Rodd,broddof@wufoo.com,Male,487-465-2237,1998-06-17
881,Egon,Sopper,esopperog@utexas.edu,Non-binary,753-555-2571,1993-06-01
882,Eimile,McMurty,emcmurtyoh@networksolutions.com,Female,435-128-3127,1998-10-11
883,Ines,Gay,igayoi@soundcloud.com,Female,632-834-7860,1990-11-07
884,Aurthur,Philipard,aphilipardoj@census.gov,Male,801-230-6458,2000-05-30
885,Lenee,Goodier,lgoodierok@arizona.edu,Female,798-311-3890,1996-04-19
886,Kelbee,Pires,kpiresol@drupal.org,Genderfluid,444-405-8201,1992-07-11
887,Thebault,Turneux,tturneuxom@bluehost.com,Male,771-263-0539,1990-10-19
888,Mikael,Campany,mcampanyon@wikimedia.org,Male,712-559-6115,1990-08-20
889,Nappie,Seeviour,nseeviouroo@apache.org,Male,507-302-8443,2000-08-05
890,Dukie,Sherrett,dsherrettop@xrea.com,Male,580-288-6532,2001-01-17
891,Nanny,Questier,nquestieroq@people.com.cn,Female,914-850-8161,2001-08-09
892,Keary,Ohrt,kohrtor@1688.com,Male,157-822-1442,1991-04-19
893,Urbanus,Huerta,uhuertaos@hc360.com,Male,151-888-0251,2002-03-16
894,Colleen,Cheson,cchesonot@berkeley.edu,Female,817-135-0332,1998-03-21
895,Allianora,Ealam,aealamou@yale.edu,Female,539-404-4455,1999-04-14
896,Eb,Colleer,ecolleerov@twitter.com,Male,854-545-2458,1998-12-17
897,Hastie,Seally,hseallyow@hibu.com,Male,433-577-5108,1999-07-13
898,Madalena,Kuhwald,mkuhwaldox@etsy.com,Female,320-372-9378,1990-08-28
899,Raynell,Redborn,rredbornoy@wufoo.com,Female,695-639-5306,1995-09-21
900,Josefina,Jain,jjainoz@youtu.be,Agender,411-951-5138,1993-12-29
901,Corliss,McWhin,cmcwhinp0@delicious.com,Female,500-982-4130,1991-12-01
902,Delmer,Borgne,dborgnep1@istockphoto.com,Male,619-999-7629,1990-07-01
903,Sandro,Pipes,spipesp2@networkadvertising.org,Male,312-312-5393,1995-04-21
904,Jock,Minelli,jminellip3@phoca.cz,Male,574-256-5598,1995-12-15
905,Montague,Zuenelli,mzuenellip4@unesco.org,Male,802-885-9251,1991-05-17
906,Halsy,Lockyer,hlockyerp5@tmall.com,Polygender,693-349-0239,2000-02-13
907,Rory,Aim,raimp6@harvard.edu,Male,685-685-2955,2002-02-18
908,Libbey,Aucock,laucockp7@apache.org,Female,389-932-2869,2002-02-24
909,Orren,Trodden,otroddenp8@bloglovin.com,Male,604-982-1344,1992-07-21
910,Gerhardt,Lettice,gletticep9@hp.com,Male,374-448-2215,1996-05-01
911,Antin,Moy,amoypa@xrea.com,Male,801-428-5795,2002-07-03
912,Philomena,Dibdall,pdibdallpb@icq.com,Female,863-897-8110,1990-05-24
913,Abagail,Cadreman,acadremanpc@mlb.com,Female,559-774-5883,2003-09-01
914,Cindelyn,Spriggs,cspriggspd@nifty.com,Female,755-400-5985,1994-10-18
915,Buffy,Djekic,bdjekicpe@jigsy.com,Female,849-121-0198,1994-09-07
916,Keane,Hardwicke,khardwickepf@feedburner.com,Male,879-741-3116,2003-04-09
917,Shanan,Burren,sburrenpg@unesco.org,Male,859-794-2122,1999-04-03
918,Martguerita,Patten,mpattenph@surveymonkey.com,Female,726-714-7025,2001-04-21
919,Ashby,Abbatt,aabbattpi@rediff.com,Male,970-885-8053,1996-01-17
920,Shelby,Worlock,sworlockpj@wisc.edu,Female,236-686-9480,2002-05-08
921,Gare,Luberto,glubertopk@ed.gov,Male,742-694-7956,1999-11-17
922,Diego,Akester,dakesterpl@springer.com,Male,407-694-4959,1998-09-12
923,Town,Swansborough,tswansboroughpm@npr.org,Male,504-875-0844,2004-02-11
924,Inessa,Howcroft,ihowcroftpn@cnbc.com,Genderfluid,202-971-3793,1998-10-10
925,Graham,Bavister,gbavisterpo@archive.org,Male,879-406-6980,2002-09-01
926,Norton,Olivello,nolivellopp@webmd.com,Male,683-849-3997,2002-02-14
927,Wadsworth,Fattorini,wfattorinipq@w3.org,Male,690-728-5850,2004-02-05
928,Duky,Gimber,dgimberpr@studiopress.com,Male,234-617-9113,1998-03-10
929,Darcy,Fuge,dfugeps@devhub.com,Female,594-986-2729,2002-08-21
930,Zebedee,Ashpital,zashpitalpt@yolasite.com,Male,503-776-4131,2002-01-24
931,Kennan,Waterhous,kwaterhouspu@harvard.edu,Male,293-596-6862,1994-01-11
932,Breena,Klessmann,bklessmannpv@ezinearticles.com,Female,807-191-4257,2002-05-23
933,Dale,Arnison,darnisonpw@foxnews.com,Female,697-291-8159,1999-03-23
934,Lalo,Batting,lbattingpx@studiopress.com,Male,733-854-5109,1997-08-04
935,Hazel,Husband,hhusbandpy@github.io,Agender,912-126-3628,1996-04-03
936,Sarah,Blanden,sblandenpz@telegraph.co.uk,Female,951-598-7032,1991-02-04
937,Brena,Cunniffe,bcunniffeq0@youtu.be,Female,378-308-8968,1996-05-29
938,Carrol,Fuge,cfugeq1@canalblog.com,Male,946-533-7680,2004-03-15
939,Caron,Overil,coverilq2@webnode.com,Non-binary,245-166-3073,2000-01-18
940,Garfield,Dalyell,gdalyellq3@house.gov,Male,980-138-1233,1994-04-23
941,Neal,Chmarny,nchmarnyq4@hhs.gov,Male,987-352-8505,2003-10-18
942,Coop,O'Doghesty,codoghestyq5@unesco.org,Male,795-671-5370,2003-10-23
943,Daisey,Nellen,dnellenq6@163.com,Female,115-544-5038,1997-03-07
944,Kassie,Dellow,kdellowq7@php.net,Female,624-290-9530,1999-12-30
945,Lottie,Massey,lmasseyq8@fema.gov,Female,418-815-8617,2000-01-24
946,Orville,Machan,omachanq9@behance.net,Male,545-426-3270,1997-06-13
947,Llewellyn,Pigdon,lpigdonqa@yahoo.co.jp,Male,170-536-2183,2003-02-17
948,Conrado,Daintier,cdaintierqb@theglobeandmail.com,Male,305-408-1669,1993-09-20
949,Nolana,Tumbelty,ntumbeltyqc@delicious.com,Female,418-535-9753,2001-03-20
950,Emalee,De Maria,edemariaqd@vk.com,Bigender,589-139-8696,1990-05-15
951,Jenica,Zamorrano,jzamorranoqe@google.de,Female,386-889-5051,1995-11-02
952,Charlie,Sumbler,csumblerqf@umn.edu,Male,100-601-1784,1999-05-03
953,Jean,Klimmek,jklimmekqg@tamu.edu,Male,322-315-8928,2003-06-01
954,Suzanne,Fouldes,sfouldesqh@utexas.edu,Female,164-266-3854,1995-04-04
955,Diannne,Quilkin,dquilkinqi@irs.gov,Female,391-864-6323,2003-05-26
956,Catlee,Marty,cmartyqj@ning.com,Non-binary,153-447-2313,1998-10-21
957,Hedwig,Bogaert,hbogaertqk@phoca.cz,Female,841-495-1886,1991-01-27
958,Bax,Pickersail,bpickersailql@123-reg.co.uk,Male,839-437-0559,2004-03-26
959,Hewie,Talman,htalmanqm@google.pl,Male,384-711-7984,2000-11-06
960,Phil,Di Antonio,pdiantonioqn@cmu.edu,Male,711-808-8604,1998-04-08
961,Datha,Gresch,dgreschqo@home.pl,Female,868-734-6779,2001-09-05
962,Angie,Rymell,arymellqp@pen.io,Male,522-734-9833,1995-11-21
963,Jared,Carder,jcarderqq@scientificamerican.com,Male,513-400-2643,2000-04-08
964,Nickey,Liddyard,nliddyardqr@goodreads.com,Male,945-510-7131,1993-11-08
965,Venita,Bartosch,vbartoschqs@google.it,Female,212-339-4966,1992-02-27
966,Riordan,Tearney,rtearneyqt@time.com,Male,477-611-5890,1994-07-20
967,Car,Kingswell,ckingswellqu@e-recht24.de,Male,305-155-3565,1993-10-13
968,Romola,Finlry,rfinlryqv@timesonline.co.uk,Female,381-572-1549,2004-01-20
969,Gunther,Chaldecott,gchaldecottqw@odnoklassniki.ru,Male,834-625-6973,1998-04-23
970,Christiane,Hartopp,chartoppqx@cdbaby.com,Female,218-696-9825,2001-09-11
971,Ulberto,Sturney,usturneyqy@fema.gov,Male,557-477-1833,1998-10-23
972,Zak,Tunna,ztunnaqz@answers.com,Male,905-205-1863,1994-12-08
973,Skipton,Fairham,sfairhamr0@twitter.com,Male,957-222-8023,2001-01-24
974,Rockie,Brannon,rbrannonr1@rediff.com,Male,413-655-6070,2004-03-26
975,Willabella,Bonin,wboninr2@parallels.com,Bigender,380-702-5535,1993-05-29
976,Linnea,Roote,lrooter3@symantec.com,Female,388-303-8043,1996-08-20
977,Dianna,Haestier,dhaestierr4@tmall.com,Female,448-502-5718,1998-09-29
978,Marv,Orneblow,morneblowr5@google.ca,Agender,210-554-1136,2004-03-07
979,Jackie,Stennet,jstennetr6@weibo.com,Male,511-558-7077,2000-03-27
980,Hayley,Beare,hbearer7@macromedia.com,Female,709-399-6729,2002-07-14
981,Cecile,Hubbucks,chubbucksr8@newsvine.com,Female,595-110-6092,1998-05-12
982,Antoinette,Rojas,arojasr9@cam.ac.uk,Female,354-425-5029,1993-04-02
983,Loydie,Pickthorn,lpickthornra@rediff.com,Agender,639-702-8397,1997-09-21
984,Perkin,Wessell,pwessellrb@umn.edu,Male,327-771-3827,1997-09-15
985,Crawford,Culmer,cculmerrc@amazon.de,Male,944-631-4856,1991-03-26
986,Christi,Link,clinkrd@canalblog.com,Female,667-737-0383,2001-11-02
987,Burt,Alexandrescu,balexandrescure@liveinternet.ru,Male,951-967-3206,1995-09-02
988,Lockwood,Symones,lsymonesrf@blogger.com,Male,442-111-2345,1999-06-21
989,Felicia,Pennington,fpenningtonrg@intel.com,Female,724-688-9122,2001-08-25
990,Prince,Zecchinelli,pzecchinellirh@diigo.com,Male,378-564-1297,2002-11-21
991,Dag,Maylor,dmaylorri@vimeo.com,Male,468-653-7319,1995-10-13
992,Vale,Verey,vvereyrj@patch.com,Female,427-280-4356,2003-05-05
993,Oliviero,Pargetter,opargetterrk@samsung.com,Male,110-694-3678,1992-07-09
994,Rolfe,Burkart,rburkartrl@fema.gov,Male,500-913-3305,1994-03-29
995,Sylvester,Cellone,scellonerm@wiley.com,Male,504-233-0710,2003-04-17
996,Corene,Freeland,cfreelandrn@whitehouse.gov,Female,544-840-9233,1998-03-02
997,Hephzibah,Pioch,hpiochro@t-online.de,Female,791-906-8536,1998-03-01
998,Avrom,Knight,aknightrp@woothemes.com,Male,917-278-5836,1993-04-03
999,Skip,Hebbes,shebbesrq@hp.com,Male,738-715-2021,2003-11-08
1000,Delbert,Lear,dlearrr@time.com,Male,300-950-3248,1999-09-12
